{
  "ProjectName": "JTerm",
  "BuildVersion": "1.0.2",
  "CreationTime": "2025-01-21T13:09:06.220868-05:00",
  "AllCreatedChips": [
    "NAND",
    "1",
    "OR",
    "2",
    "3",
    "2x1 Multiplex",
    "5",
    "4x1 Multiplex",
    "2 Bit Adder",
    "XOR",
    "1 bit adder",
    "Negator",
    "4 Bit Adder",
    "Doubler",
    "Conditonal",
    "NOR",
    "LogicUnit",
    "8x1 Multiplex",
    "2 Bit Negator",
    "SR Latch",
    "SRFlipFlop",
    "Latch",
    "TFlipFlop",
    "Even-Odd",
    "DLatch",
    "3 bit counter"
  ],
  "StarredChips": [
    "AND",
    "NOT",
    "NAND",
    "1",
    "OR",
    "2",
    "3",
    "2x1 Multiplex",
    "5",
    "4x1 Multiplex",
    "2 Bit Adder",
    "XOR",
    "1 bit adder",
    "Negator",
    "4 Bit Adder",
    "Doubler",
    "Conditonal",
    "NOR",
    "LogicUnit",
    "8x1 Multiplex",
    "2 Bit Negator",
    "CLOCK",
    "SR Latch",
    "SRFlipFlop",
    "Latch",
    "TFlipFlop",
    "Even-Odd",
    "DLatch",
    "3 bit counter"
  ],
  "DisplayOptions": {
    "MainChipPinNameDisplayMode": 2,
    "SubChipPinNameDisplayMode": 2,
    "ShowCursorGuide": 0
  }
}