{
  "Name": "1",
  "Colour": "#6F698D",
  "InputPins": [
    {
      "Name": "A",
      "ID": 268580804,
      "PositionY": 3.123457,
      "ColourThemeName": "Red"
    },
    {
      "Name": "B",
      "ID": 1678155400,
      "PositionY": 2.1790123,
      "ColourThemeName": "Red"
    },
    {
      "Name": "C",
      "ID": 294235277,
      "PositionY": -0.956790149,
      "ColourThemeName": "Red"
    },
    {
      "Name": "D",
      "ID": 1543009471,
      "PositionY": -1.9135803,
      "ColourThemeName": "Red"
    }
  ],
  "OutputPins": [
    {
      "Name": "Pin",
      "ID": 1263309050,
      "PositionY": 0.537037253,
      "ColourThemeName": "Red"
    }
  ],
  "SubChips": [
    {
      "Name": "NAND",
      "ID": 1455082310,
      "Points": [
        {
          "X": -4.12963,
          "Y": 2.1427474
        }
      ],
      "Data": null
    },
    {
      "Name": "NAND",
      "ID": 634495159,
      "Points": [
        {
          "X": -4.12963,
          "Y": 1.51774716
        }
      ],
      "Data": null
    },
    {
      "Name": "NAND",
      "ID": 598300557,
      "Points": [
        {
          "X": -4.12963,
          "Y": 0.8927471
        }
      ],
      "Data": null
    },
    {
      "Name": "NAND",
      "ID": 408897471,
      "Points": [
        {
          "X": -4.12963,
          "Y": 0.267746985
        }
      ],
      "Data": null
    },
    {
      "Name": "NAND",
      "ID": 747204043,
      "Points": [
        {
          "X": -4.12963,
          "Y": -0.357253075
        }
      ],
      "Data": null
    },
    {
      "Name": "NAND",
      "ID": 577754773,
      "Points": [
        {
          "X": -4.12963,
          "Y": -0.9822532
        }
      ],
      "Data": null
    },
    {
      "Name": "NAND",
      "ID": 1385061139,
      "Points": [
        {
          "X": 2.45061779,
          "Y": 1.111111
        }
      ],
      "Data": null
    },
    {
      "Name": "NAND",
      "ID": 1512624077,
      "Points": [
        {
          "X": 4.1419754,
          "Y": 1.08024716
        }
      ],
      "Data": null
    },
    {
      "Name": "NAND",
      "ID": 605744503,
      "Points": [
        {
          "X": 0.277777761,
          "Y": 1.16203678
        }
      ],
      "Data": null
    },
    {
      "Name": "NAND",
      "ID": 37930714,
      "Points": [
        {
          "X": 0.28395018,
          "Y": 0.549382567
        }
      ],
      "Data": null
    },
    {
      "Name": "NAND",
      "ID": 760309946,
      "Points": [
        {
          "X": 0.28395018,
          "Y": -0.07561749
        }
      ],
      "Data": null
    },
    {
      "Name": "NAND",
      "ID": 618892577,
      "Points": [
        {
          "X": -1.91358042,
          "Y": 1.17438269
        }
      ],
      "Data": null
    },
    {
      "Name": "NAND",
      "ID": 229786111,
      "Points": [
        {
          "X": -1.91358042,
          "Y": 0.549382567
        }
      ],
      "Data": null
    },
    {
      "Name": "NAND",
      "ID": 1310062866,
      "Points": [
        {
          "X": -1.91358042,
          "Y": -0.07561749
        }
      ],
      "Data": null
    },
    {
      "Name": "NAND",
      "ID": 633120714,
      "Points": [
        {
          "X": 6.197531,
          "Y": 0.5061728
        }
      ],
      "Data": null
    }
  ],
  "Connections": [
    {
      "Source": {
        "PinType": 1,
        "SubChipID": 0,
        "PinID": 294235277
      },
      "Target": {
        "PinType": 3,
        "SubChipID": 1455082310,
        "PinID": 1332183837
      },
      "WirePoints": [
        {
          "X": -7.837778,
          "Y": -0.956790149
        },
        {
          "X": -4.77463,
          "Y": 2.26274729
        }
      ],
      "ColourThemeName": "Red"
    },
    {
      "Source": {
        "PinType": 1,
        "SubChipID": 0,
        "PinID": 1543009471
      },
      "Target": {
        "PinType": 3,
        "SubChipID": 1455082310,
        "PinID": 1428861863
      },
      "WirePoints": [
        {
          "X": -7.837778,
          "Y": -1.9135803
        },
        {
          "X": -4.77463,
          "Y": 2.02274752
        }
      ],
      "ColourThemeName": "Red"
    },
    {
      "Source": {
        "PinType": 1,
        "SubChipID": 0,
        "PinID": 268580804
      },
      "Target": {
        "PinType": 3,
        "SubChipID": 634495159,
        "PinID": 1332183837
      },
      "WirePoints": [
        {
          "X": -7.837778,
          "Y": 3.123457
        },
        {
          "X": -4.77463,
          "Y": 1.63774717
        }
      ],
      "ColourThemeName": "Red"
    },
    {
      "Source": {
        "PinType": 1,
        "SubChipID": 0,
        "PinID": 1543009471
      },
      "Target": {
        "PinType": 3,
        "SubChipID": 634495159,
        "PinID": 1428861863
      },
      "WirePoints": [
        {
          "X": -7.837778,
          "Y": -1.9135803
        },
        {
          "X": -4.77463,
          "Y": 1.39774716
        }
      ],
      "ColourThemeName": "Red"
    },
    {
      "Source": {
        "PinType": 1,
        "SubChipID": 0,
        "PinID": 268580804
      },
      "Target": {
        "PinType": 3,
        "SubChipID": 598300557,
        "PinID": 1332183837
      },
      "WirePoints": [
        {
          "X": -7.837778,
          "Y": 3.123457
        },
        {
          "X": -4.77463,
          "Y": 1.012747
        }
      ],
      "ColourThemeName": "Red"
    },
    {
      "Source": {
        "PinType": 1,
        "SubChipID": 0,
        "PinID": 294235277
      },
      "Target": {
        "PinType": 3,
        "SubChipID": 598300557,
        "PinID": 1428861863
      },
      "WirePoints": [
        {
          "X": -7.837778,
          "Y": -0.956790149
        },
        {
          "X": -4.77463,
          "Y": 0.7727471
        }
      ],
      "ColourThemeName": "Red"
    },
    {
      "Source": {
        "PinType": 1,
        "SubChipID": 0,
        "PinID": 1678155400
      },
      "Target": {
        "PinType": 3,
        "SubChipID": 408897471,
        "PinID": 1332183837
      },
      "WirePoints": [
        {
          "X": -7.837778,
          "Y": 2.1790123
        },
        {
          "X": -4.77463,
          "Y": 0.387747
        }
      ],
      "ColourThemeName": "Red"
    },
    {
      "Source": {
        "PinType": 1,
        "SubChipID": 0,
        "PinID": 294235277
      },
      "Target": {
        "PinType": 3,
        "SubChipID": 408897471,
        "PinID": 1428861863
      },
      "WirePoints": [
        {
          "X": -7.837778,
          "Y": -0.956790149
        },
        {
          "X": -4.77463,
          "Y": 0.14774698
        }
      ],
      "ColourThemeName": "Red"
    },
    {
      "Source": {
        "PinType": 1,
        "SubChipID": 0,
        "PinID": 268580804
      },
      "Target": {
        "PinType": 3,
        "SubChipID": 747204043,
        "PinID": 1332183837
      },
      "WirePoints": [
        {
          "X": -7.837778,
          "Y": 3.123457
        },
        {
          "X": -4.77463,
          "Y": -0.23725307
        }
      ],
      "ColourThemeName": "Red"
    },
    {
      "Source": {
        "PinType": 1,
        "SubChipID": 0,
        "PinID": 1678155400
      },
      "Target": {
        "PinType": 3,
        "SubChipID": 747204043,
        "PinID": 1428861863
      },
      "WirePoints": [
        {
          "X": -7.837778,
          "Y": 2.1790123
        },
        {
          "X": -4.77463,
          "Y": -0.477253079
        }
      ],
      "ColourThemeName": "Red"
    },
    {
      "Source": {
        "PinType": 1,
        "SubChipID": 0,
        "PinID": 1678155400
      },
      "Target": {
        "PinType": 3,
        "SubChipID": 577754773,
        "PinID": 1332183837
      },
      "WirePoints": [
        {
          "X": -7.837778,
          "Y": 2.1790123
        },
        {
          "X": -4.77463,
          "Y": -0.8622532
        }
      ],
      "ColourThemeName": "Red"
    },
    {
      "Source": {
        "PinType": 1,
        "SubChipID": 0,
        "PinID": 1543009471
      },
      "Target": {
        "PinType": 3,
        "SubChipID": 577754773,
        "PinID": 1428861863
      },
      "WirePoints": [
        {
          "X": -7.837778,
          "Y": -1.9135803
        },
        {
          "X": -4.77463,
          "Y": -1.1022532
        }
      ],
      "ColourThemeName": "Red"
    },
    {
      "Source": {
        "PinType": 4,
        "SubChipID": 1455082310,
        "PinID": 299227992
      },
      "Target": {
        "PinType": 3,
        "SubChipID": 618892577,
        "PinID": 1332183837
      },
      "WirePoints": [
        {
          "X": -3.48463,
          "Y": 2.1427474
        },
        {
          "X": -2.5585804,
          "Y": 1.29438269
        }
      ],
      "ColourThemeName": "Red"
    },
    {
      "Source": {
        "PinType": 4,
        "SubChipID": 634495159,
        "PinID": 299227992
      },
      "Target": {
        "PinType": 3,
        "SubChipID": 618892577,
        "PinID": 1428861863
      },
      "WirePoints": [
        {
          "X": -3.48463,
          "Y": 1.51774716
        },
        {
          "X": -2.5585804,
          "Y": 1.05438268
        }
      ],
      "ColourThemeName": "Red"
    },
    {
      "Source": {
        "PinType": 4,
        "SubChipID": 598300557,
        "PinID": 299227992
      },
      "Target": {
        "PinType": 3,
        "SubChipID": 229786111,
        "PinID": 1332183837
      },
      "WirePoints": [
        {
          "X": -3.48463,
          "Y": 0.8927471
        },
        {
          "X": -2.5585804,
          "Y": 0.6693826
        }
      ],
      "ColourThemeName": "Red"
    },
    {
      "Source": {
        "PinType": 4,
        "SubChipID": 408897471,
        "PinID": 299227992
      },
      "Target": {
        "PinType": 3,
        "SubChipID": 229786111,
        "PinID": 1428861863
      },
      "WirePoints": [
        {
          "X": -3.48463,
          "Y": 0.267746985
        },
        {
          "X": -2.5585804,
          "Y": 0.429382563
        }
      ],
      "ColourThemeName": "Red"
    },
    {
      "Source": {
        "PinType": 4,
        "SubChipID": 747204043,
        "PinID": 299227992
      },
      "Target": {
        "PinType": 3,
        "SubChipID": 1310062866,
        "PinID": 1332183837
      },
      "WirePoints": [
        {
          "X": -3.48463,
          "Y": -0.357253075
        },
        {
          "X": -2.5585804,
          "Y": 0.0443825051
        }
      ],
      "ColourThemeName": "Red"
    },
    {
      "Source": {
        "PinType": 4,
        "SubChipID": 577754773,
        "PinID": 299227992
      },
      "Target": {
        "PinType": 3,
        "SubChipID": 1310062866,
        "PinID": 1428861863
      },
      "WirePoints": [
        {
          "X": -3.48463,
          "Y": -0.9822532
        },
        {
          "X": -2.5585804,
          "Y": -0.1956175
        }
      ],
      "ColourThemeName": "Red"
    },
    {
      "Source": {
        "PinType": 4,
        "SubChipID": 618892577,
        "PinID": 299227992
      },
      "Target": {
        "PinType": 3,
        "SubChipID": 605744503,
        "PinID": 1332183837
      },
      "WirePoints": [
        {
          "X": -1.26858044,
          "Y": 1.17438269
        },
        {
          "X": -0.36722222,
          "Y": 1.28203678
        }
      ],
      "ColourThemeName": "Red"
    },
    {
      "Source": {
        "PinType": 4,
        "SubChipID": 618892577,
        "PinID": 299227992
      },
      "Target": {
        "PinType": 3,
        "SubChipID": 605744503,
        "PinID": 1428861863
      },
      "WirePoints": [
        {
          "X": -1.26858044,
          "Y": 1.17438269
        },
        {
          "X": -0.36722222,
          "Y": 1.04203677
        }
      ],
      "ColourThemeName": "Red"
    },
    {
      "Source": {
        "PinType": 4,
        "SubChipID": 229786111,
        "PinID": 299227992
      },
      "Target": {
        "PinType": 3,
        "SubChipID": 37930714,
        "PinID": 1332183837
      },
      "WirePoints": [
        {
          "X": -1.26858044,
          "Y": 0.549382567
        },
        {
          "X": -0.3610498,
          "Y": 0.6693826
        }
      ],
      "ColourThemeName": "Red"
    },
    {
      "Source": {
        "PinType": 4,
        "SubChipID": 229786111,
        "PinID": 299227992
      },
      "Target": {
        "PinType": 3,
        "SubChipID": 37930714,
        "PinID": 1428861863
      },
      "WirePoints": [
        {
          "X": -1.26858044,
          "Y": 0.549382567
        },
        {
          "X": -0.3610498,
          "Y": 0.429382563
        }
      ],
      "ColourThemeName": "Red"
    },
    {
      "Source": {
        "PinType": 4,
        "SubChipID": 1310062866,
        "PinID": 299227992
      },
      "Target": {
        "PinType": 3,
        "SubChipID": 760309946,
        "PinID": 1332183837
      },
      "WirePoints": [
        {
          "X": -1.26858044,
          "Y": -0.07561749
        },
        {
          "X": -0.3610498,
          "Y": 0.0443825051
        }
      ],
      "ColourThemeName": "Red"
    },
    {
      "Source": {
        "PinType": 4,
        "SubChipID": 1310062866,
        "PinID": 299227992
      },
      "Target": {
        "PinType": 3,
        "SubChipID": 760309946,
        "PinID": 1428861863
      },
      "WirePoints": [
        {
          "X": -1.26858044,
          "Y": -0.07561749
        },
        {
          "X": -0.3610498,
          "Y": -0.1956175
        }
      ],
      "ColourThemeName": "Red"
    },
    {
      "Source": {
        "PinType": 4,
        "SubChipID": 605744503,
        "PinID": 299227992
      },
      "Target": {
        "PinType": 3,
        "SubChipID": 1385061139,
        "PinID": 1332183837
      },
      "WirePoints": [
        {
          "X": 0.9227778,
          "Y": 1.16203678
        },
        {
          "X": 1.80561781,
          "Y": 1.231111
        }
      ],
      "ColourThemeName": "Red"
    },
    {
      "Source": {
        "PinType": 4,
        "SubChipID": 37930714,
        "PinID": 299227992
      },
      "Target": {
        "PinType": 3,
        "SubChipID": 1385061139,
        "PinID": 1428861863
      },
      "WirePoints": [
        {
          "X": 0.9289502,
          "Y": 0.549382567
        },
        {
          "X": 1.80561781,
          "Y": 0.99111104
        }
      ],
      "ColourThemeName": "Red"
    },
    {
      "Source": {
        "PinType": 4,
        "SubChipID": 1385061139,
        "PinID": 299227992
      },
      "Target": {
        "PinType": 3,
        "SubChipID": 1512624077,
        "PinID": 1332183837
      },
      "WirePoints": [
        {
          "X": 3.09561777,
          "Y": 1.111111
        },
        {
          "X": 3.49697542,
          "Y": 1.20024717
        }
      ],
      "ColourThemeName": "Red"
    },
    {
      "Source": {
        "PinType": 4,
        "SubChipID": 1385061139,
        "PinID": 299227992
      },
      "Target": {
        "PinType": 3,
        "SubChipID": 1512624077,
        "PinID": 1428861863
      },
      "WirePoints": [
        {
          "X": 3.09561777,
          "Y": 1.111111
        },
        {
          "X": 3.49697542,
          "Y": 0.960247159
        }
      ],
      "ColourThemeName": "Red"
    },
    {
      "Source": {
        "PinType": 4,
        "SubChipID": 1512624077,
        "PinID": 299227992
      },
      "Target": {
        "PinType": 3,
        "SubChipID": 633120714,
        "PinID": 1332183837
      },
      "WirePoints": [
        {
          "X": 4.78697538,
          "Y": 1.08024716
        },
        {
          "X": 5.55253124,
          "Y": 0.6261728
        }
      ],
      "ColourThemeName": "Red"
    },
    {
      "Source": {
        "PinType": 4,
        "SubChipID": 760309946,
        "PinID": 299227992
      },
      "Target": {
        "PinType": 3,
        "SubChipID": 633120714,
        "PinID": 1428861863
      },
      "WirePoints": [
        {
          "X": 0.9289502,
          "Y": -0.07561749
        },
        {
          "X": 5.55253124,
          "Y": 0.386172771
        }
      ],
      "ColourThemeName": "Red"
    },
    {
      "Source": {
        "PinType": 4,
        "SubChipID": 633120714,
        "PinID": 299227992
      },
      "Target": {
        "PinType": 2,
        "SubChipID": 0,
        "PinID": 1263309050
      },
      "WirePoints": [
        {
          "X": 6.842531,
          "Y": 0.5061728
        },
        {
          "X": 7.837778,
          "Y": 0.537037253
        }
      ],
      "ColourThemeName": "Red"
    }
  ]
}