{
  "Name": "2",
  "Colour": "#6B8948",
  "InputPins": [
    {
      "Name": "A",
      "ID": 2030489315,
      "PositionY": 1.41358018,
      "ColourThemeName": "Red"
    },
    {
      "Name": "B",
      "ID": 107136569,
      "PositionY": 0.6666666,
      "ColourThemeName": "Red"
    },
    {
      "Name": "C",
      "ID": 1971622746,
      "PositionY": -1.33333325,
      "ColourThemeName": "Red"
    },
    {
      "Name": "D",
      "ID": 1581862751,
      "PositionY": -2.07407427,
      "ColourThemeName": "Red"
    }
  ],
  "OutputPins": [
    {
      "Name": "Pin",
      "ID": 1911520525,
      "PositionY": -0.401234627,
      "ColourThemeName": "Red"
    }
  ],
  "SubChips": [
    {
      "Name": "NOT",
      "ID": 1956284169,
      "Points": [
        {
          "X": -5.88888931,
          "Y": 3.62962961
        }
      ],
      "Data": null
    },
    {
      "Name": "NAND",
      "ID": 1848917940,
      "Points": [
        {
          "X": -5.851852,
          "Y": 3.04321
        }
      ],
      "Data": null
    },
    {
      "Name": "AND",
      "ID": 464512111,
      "Points": [
        {
          "X": -3.975309,
          "Y": 3.59876513
        }
      ],
      "Data": null
    },
    {
      "Name": "AND",
      "ID": 1908532074,
      "Points": [
        {
          "X": 3.54320955,
          "Y": 2.347994
        }
      ],
      "Data": null
    },
    {
      "Name": "AND",
      "ID": 744800531,
      "Points": [
        {
          "X": 3.54320955,
          "Y": 1.72299409
        }
      ],
      "Data": null
    },
    {
      "Name": "AND",
      "ID": 1193353168,
      "Points": [
        {
          "X": 3.54320955,
          "Y": 1.097994
        }
      ],
      "Data": null
    },
    {
      "Name": "AND",
      "ID": 161566771,
      "Points": [
        {
          "X": 3.54320955,
          "Y": 0.4729939
        }
      ],
      "Data": null
    },
    {
      "Name": "AND",
      "ID": 706909142,
      "Points": [
        {
          "X": 3.54320955,
          "Y": -0.152006209
        }
      ],
      "Data": null
    },
    {
      "Name": "AND",
      "ID": 7649453,
      "Points": [
        {
          "X": 3.54320955,
          "Y": -0.777006269
        }
      ],
      "Data": null
    },
    {
      "Name": "AND",
      "ID": 1876813016,
      "Points": [
        {
          "X": 3.54320955,
          "Y": -1.40200639
        }
      ],
      "Data": null
    },
    {
      "Name": "AND",
      "ID": 350661719,
      "Points": [
        {
          "X": 3.54320955,
          "Y": -2.02700639
        }
      ],
      "Data": null
    },
    {
      "Name": "AND",
      "ID": 1716432654,
      "Points": [
        {
          "X": -3.98148179,
          "Y": 2.024691
        }
      ],
      "Data": null
    },
    {
      "Name": "NOT",
      "ID": 2144597397,
      "Points": [
        {
          "X": -5.851852,
          "Y": 2.12345648
        }
      ],
      "Data": null
    },
    {
      "Name": "NAND",
      "ID": 813487278,
      "Points": [
        {
          "X": -4.234568,
          "Y": 1.09876513
        }
      ],
      "Data": null
    },
    {
      "Name": "NAND",
      "ID": 1034452183,
      "Points": [
        {
          "X": -4.246914,
          "Y": 0.179012418
        }
      ],
      "Data": null
    },
    {
      "Name": "NOT",
      "ID": 1926786716,
      "Points": [
        {
          "X": -4.33333349,
          "Y": -0.919753
        }
      ],
      "Data": null
    },
    {
      "Name": "AND",
      "ID": 1466746899,
      "Points": [
        {
          "X": -2.617284,
          "Y": -1.117284
        }
      ],
      "Data": null
    },
    {
      "Name": "AND",
      "ID": 1823208233,
      "Points": [
        {
          "X": -2.1419754,
          "Y": 2.65432119
        }
      ],
      "Data": null
    },
    {
      "Name": "NOT",
      "ID": 552514824,
      "Points": [
        {
          "X": -2.160494,
          "Y": 1.99999988
        }
      ],
      "Data": null
    },
    {
      "Name": "AND",
      "ID": 1061254998,
      "Points": [
        {
          "X": -0.6975307,
          "Y": 1.62962973
        }
      ],
      "Data": null
    },
    {
      "Name": "AND",
      "ID": 1977607526,
      "Points": [
        {
          "X": -4.820988,
          "Y": -3.28395081
        }
      ],
      "Data": null
    },
    {
      "Name": "AND",
      "ID": 1661371937,
      "Points": [
        {
          "X": -4.81481457,
          "Y": -2.59876537
        }
      ],
      "Data": null
    },
    {
      "Name": "NOT",
      "ID": 1085761402,
      "Points": [
        {
          "X": -6.327161,
          "Y": -2.25308657
        }
      ],
      "Data": null
    },
    {
      "Name": "AND",
      "ID": 2028842813,
      "Points": [
        {
          "X": -1.25925922,
          "Y": 0.746913552
        }
      ],
      "Data": null
    },
    {
      "Name": "AND",
      "ID": 318474193,
      "Points": [
        {
          "X": -1.29629624,
          "Y": 0.129629374
        }
      ],
      "Data": null
    },
    {
      "Name": "NOT",
      "ID": 1973119907,
      "Points": [
        {
          "X": -2.746914,
          "Y": 0.8395064
        }
      ],
      "Data": null
    },
    {
      "Name": "NAND",
      "ID": 631176451,
      "Points": [
        {
          "X": -1.98148155,
          "Y": -2.02469134
        }
      ],
      "Data": null
    },
    {
      "Name": "AND",
      "ID": 541915724,
      "Points": [
        {
          "X": -1.96296334,
          "Y": -2.78395057
        }
      ],
      "Data": null
    },
    {
      "Name": "NOT",
      "ID": 162379778,
      "Points": [
        {
          "X": -3.42592621,
          "Y": -3.08641958
        }
      ],
      "Data": null
    },
    {
      "Name": "AND",
      "ID": 1949665492,
      "Points": [
        {
          "X": -0.499999821,
          "Y": -0.64814806
        }
      ],
      "Data": null
    },
    {
      "Name": "AND",
      "ID": 847573383,
      "Points": [
        {
          "X": -0.4629628,
          "Y": -1.3271606
        }
      ],
      "Data": null
    },
    {
      "Name": "NOT",
      "ID": 468722584,
      "Points": [
        {
          "X": -4.006173,
          "Y": -1.78395057
        }
      ],
      "Data": null
    },
    {
      "Name": "OR",
      "ID": 1013286845,
      "Points": [
        {
          "X": 5.32716036,
          "Y": 2.023148
        }
      ],
      "Data": null
    },
    {
      "Name": "OR",
      "ID": 382920878,
      "Points": [
        {
          "X": 5.32716036,
          "Y": 1.39814818
        }
      ],
      "Data": null
    },
    {
      "Name": "OR",
      "ID": 1389318160,
      "Points": [
        {
          "X": 5.32716036,
          "Y": 0.77314806
        }
      ],
      "Data": null
    },
    {
      "Name": "OR",
      "ID": 2070184342,
      "Points": [
        {
          "X": 5.32716036,
          "Y": 0.148147941
        }
      ],
      "Data": null
    },
    {
      "Name": "OR",
      "ID": 93899132,
      "Points": [
        {
          "X": 5.32716036,
          "Y": -0.476852179
        }
      ],
      "Data": null
    },
    {
      "Name": "OR",
      "ID": 32607729,
      "Points": [
        {
          "X": 5.32716036,
          "Y": -1.1018523
        }
      ],
      "Data": null
    },
    {
      "Name": "OR",
      "ID": 1989667858,
      "Points": [
        {
          "X": 5.32716036,
          "Y": -1.7268523
        }
      ],
      "Data": null
    }
  ],
  "Connections": [
    {
      "Source": {
        "PinType": 1,
        "SubChipID": 0,
        "PinID": 2030489315
      },
      "Target": {
        "PinType": 3,
        "SubChipID": 1956284169,
        "PinID": 0
      },
      "WirePoints": [
        {
          "X": -7.837778,
          "Y": 1.41358018
        },
        {
          "X": -6.4388895,
          "Y": 3.62962961
        }
      ],
      "ColourThemeName": "Red"
    },
    {
      "Source": {
        "PinType": 1,
        "SubChipID": 0,
        "PinID": 1971622746
      },
      "Target": {
        "PinType": 3,
        "SubChipID": 1848917940,
        "PinID": 1332183837
      },
      "WirePoints": [
        {
          "X": -7.837778,
          "Y": -1.33333325
        },
        {
          "X": -7.2345686,
          "Y": 3.19135785
        },
        {
          "X": -6.496852,
          "Y": 3.16321
        }
      ],
      "ColourThemeName": "Red"
    },
    {
      "Source": {
        "PinType": 1,
        "SubChipID": 0,
        "PinID": 1581862751
      },
      "Target": {
        "PinType": 3,
        "SubChipID": 1848917940,
        "PinID": 1428861863
      },
      "WirePoints": [
        {
          "X": -7.837778,
          "Y": -2.07407427
        },
        {
          "X": -7.37654352,
          "Y": -2.04938269
        },
        {
          "X": -7.11111164,
          "Y": 2.93209839
        },
        {
          "X": -6.496852,
          "Y": 2.92321014
        }
      ],
      "ColourThemeName": "Red"
    },
    {
      "Source": {
        "PinType": 4,
        "SubChipID": 1956284169,
        "PinID": 1
      },
      "Target": {
        "PinType": 3,
        "SubChipID": 464512111,
        "PinID": 0
      },
      "WirePoints": [
        {
          "X": -5.338889,
          "Y": 3.62962961
        },
        {
          "X": -4.525309,
          "Y": 3.718765
        }
      ],
      "ColourThemeName": "Red"
    },
    {
      "Source": {
        "PinType": 1,
        "SubChipID": 0,
        "PinID": 107136569
      },
      "Target": {
        "PinType": 3,
        "SubChipID": 464512111,
        "PinID": 1
      },
      "WirePoints": [
        {
          "X": -7.837778,
          "Y": 0.6666666
        },
        {
          "X": -4.969136,
          "Y": 2.59876537
        },
        {
          "X": -4.525309,
          "Y": 3.47876525
        }
      ],
      "ColourThemeName": "Red"
    },
    {
      "Source": {
        "PinType": 4,
        "SubChipID": 464512111,
        "PinID": 2
      },
      "Target": {
        "PinType": 3,
        "SubChipID": 1908532074,
        "PinID": 0
      },
      "WirePoints": [
        {
          "X": -3.425309,
          "Y": 3.59876513
        },
        {
          "X": 2.9932096,
          "Y": 2.467994
        }
      ],
      "ColourThemeName": "Red"
    },
    {
      "Source": {
        "PinType": 4,
        "SubChipID": 1848917940,
        "PinID": 299227992
      },
      "Target": {
        "PinType": 3,
        "SubChipID": 1908532074,
        "PinID": 1
      },
      "WirePoints": [
        {
          "X": -5.206852,
          "Y": 3.04321
        },
        {
          "X": 2.9932096,
          "Y": 2.2279942
        }
      ],
      "ColourThemeName": "Red"
    },
    {
      "Source": {
        "PinType": 1,
        "SubChipID": 0,
        "PinID": 2030489315
      },
      "Target": {
        "PinType": 3,
        "SubChipID": 1716432654,
        "PinID": 1
      },
      "WirePoints": [
        {
          "X": -7.837778,
          "Y": 1.41358018
        },
        {
          "X": -4.53148174,
          "Y": 1.9046911
        }
      ],
      "ColourThemeName": "Red"
    },
    {
      "Source": {
        "PinType": 1,
        "SubChipID": 0,
        "PinID": 107136569
      },
      "Target": {
        "PinType": 3,
        "SubChipID": 2144597397,
        "PinID": 0
      },
      "WirePoints": [
        {
          "X": -7.837778,
          "Y": 0.6666666
        },
        {
          "X": -6.401852,
          "Y": 2.12345648
        }
      ],
      "ColourThemeName": "Red"
    },
    {
      "Source": {
        "PinType": 4,
        "SubChipID": 2144597397,
        "PinID": 1
      },
      "Target": {
        "PinType": 3,
        "SubChipID": 1716432654,
        "PinID": 0
      },
      "WirePoints": [
        {
          "X": -5.30185175,
          "Y": 2.12345648
        },
        {
          "X": -4.53148174,
          "Y": 2.144691
        }
      ],
      "ColourThemeName": "Red"
    },
    {
      "Source": {
        "PinType": 1,
        "SubChipID": 0,
        "PinID": 1971622746
      },
      "Target": {
        "PinType": 3,
        "SubChipID": 813487278,
        "PinID": 1332183837
      },
      "WirePoints": [
        {
          "X": -7.837778,
          "Y": -1.33333325
        },
        {
          "X": -4.879568,
          "Y": 1.21876514
        }
      ],
      "ColourThemeName": "Red"
    },
    {
      "Source": {
        "PinType": 1,
        "SubChipID": 0,
        "PinID": 1581862751
      },
      "Target": {
        "PinType": 3,
        "SubChipID": 813487278,
        "PinID": 1428861863
      },
      "WirePoints": [
        {
          "X": -7.837778,
          "Y": -2.07407427
        },
        {
          "X": -4.879568,
          "Y": 0.97876513
        }
      ],
      "ColourThemeName": "Red"
    },
    {
      "Source": {
        "PinType": 4,
        "SubChipID": 1716432654,
        "PinID": 2
      },
      "Target": {
        "PinType": 3,
        "SubChipID": 744800531,
        "PinID": 0
      },
      "WirePoints": [
        {
          "X": -3.43148184,
          "Y": 2.024691
        },
        {
          "X": 2.9932096,
          "Y": 1.84299409
        }
      ],
      "ColourThemeName": "Red"
    },
    {
      "Source": {
        "PinType": 4,
        "SubChipID": 813487278,
        "PinID": 299227992
      },
      "Target": {
        "PinType": 3,
        "SubChipID": 744800531,
        "PinID": 1
      },
      "WirePoints": [
        {
          "X": -3.58956814,
          "Y": 1.09876513
        },
        {
          "X": 2.9932096,
          "Y": 1.60299408
        }
      ],
      "ColourThemeName": "Red"
    },
    {
      "Source": {
        "PinType": 1,
        "SubChipID": 0,
        "PinID": 2030489315
      },
      "Target": {
        "PinType": 3,
        "SubChipID": 1034452183,
        "PinID": 1332183837
      },
      "WirePoints": [
        {
          "X": -7.837778,
          "Y": 1.41358018
        },
        {
          "X": -4.891914,
          "Y": 0.299012423
        }
      ],
      "ColourThemeName": "Red"
    },
    {
      "Source": {
        "PinType": 1,
        "SubChipID": 0,
        "PinID": 107136569
      },
      "Target": {
        "PinType": 3,
        "SubChipID": 2144597397,
        "PinID": 0
      },
      "WirePoints": [
        {
          "X": -7.837778,
          "Y": 0.6666666
        },
        {
          "X": -7.75901,
          "Y": 0.746579349
        },
        {
          "X": -6.401852,
          "Y": 2.12345648
        }
      ],
      "ColourThemeName": "Red"
    },
    {
      "Source": {
        "PinType": 1,
        "SubChipID": 0,
        "PinID": 107136569
      },
      "Target": {
        "PinType": 3,
        "SubChipID": 1034452183,
        "PinID": 1428861863
      },
      "WirePoints": [
        {
          "X": -7.837778,
          "Y": 0.6666666
        },
        {
          "X": -4.891914,
          "Y": 0.05901242
        }
      ],
      "ColourThemeName": "Red"
    },
    {
      "Source": {
        "PinType": 4,
        "SubChipID": 1034452183,
        "PinID": 299227992
      },
      "Target": {
        "PinType": 3,
        "SubChipID": 1193353168,
        "PinID": 0
      },
      "WirePoints": [
        {
          "X": -3.601914,
          "Y": 0.179012418
        },
        {
          "X": 2.9932096,
          "Y": 1.217994
        }
      ],
      "ColourThemeName": "Red"
    },
    {
      "Source": {
        "PinType": 1,
        "SubChipID": 0,
        "PinID": 1971622746
      },
      "Target": {
        "PinType": 3,
        "SubChipID": 1926786716,
        "PinID": 0
      },
      "WirePoints": [
        {
          "X": -7.837778,
          "Y": -1.33333325
        },
        {
          "X": -4.88333368,
          "Y": -0.919753
        }
      ],
      "ColourThemeName": "Red"
    },
    {
      "Source": {
        "PinType": 4,
        "SubChipID": 1926786716,
        "PinID": 1
      },
      "Target": {
        "PinType": 3,
        "SubChipID": 1466746899,
        "PinID": 0
      },
      "WirePoints": [
        {
          "X": -3.78333354,
          "Y": -0.919753
        },
        {
          "X": -3.167284,
          "Y": -0.997284055
        }
      ],
      "ColourThemeName": "Red"
    },
    {
      "Source": {
        "PinType": 1,
        "SubChipID": 0,
        "PinID": 1581862751
      },
      "Target": {
        "PinType": 3,
        "SubChipID": 1466746899,
        "PinID": 1
      },
      "WirePoints": [
        {
          "X": -7.837778,
          "Y": -2.07407427
        },
        {
          "X": -3.167284,
          "Y": -1.23728406
        }
      ],
      "ColourThemeName": "Red"
    },
    {
      "Source": {
        "PinType": 4,
        "SubChipID": 1466746899,
        "PinID": 2
      },
      "Target": {
        "PinType": 3,
        "SubChipID": 1193353168,
        "PinID": 1
      },
      "WirePoints": [
        {
          "X": -2.067284,
          "Y": -1.117284
        },
        {
          "X": 2.9932096,
          "Y": 0.977993965
        }
      ],
      "ColourThemeName": "Red"
    },
    {
      "Source": {
        "PinType": 1,
        "SubChipID": 0,
        "PinID": 2030489315
      },
      "Target": {
        "PinType": 3,
        "SubChipID": 1823208233,
        "PinID": 0
      },
      "WirePoints": [
        {
          "X": -7.837778,
          "Y": 1.41358018
        },
        {
          "X": -2.69197536,
          "Y": 2.774321
        }
      ],
      "ColourThemeName": "Red"
    },
    {
      "Source": {
        "PinType": 1,
        "SubChipID": 0,
        "PinID": 2030489315
      },
      "Target": {
        "PinType": 3,
        "SubChipID": 1823208233,
        "PinID": 1
      },
      "WirePoints": [
        {
          "X": -7.837778,
          "Y": 1.41358018
        },
        {
          "X": -2.69197536,
          "Y": 2.53432131
        }
      ],
      "ColourThemeName": "Red"
    },
    {
      "Source": {
        "PinType": 1,
        "SubChipID": 0,
        "PinID": 1971622746
      },
      "Target": {
        "PinType": 3,
        "SubChipID": 552514824,
        "PinID": 0
      },
      "WirePoints": [
        {
          "X": -7.837778,
          "Y": -1.33333325
        },
        {
          "X": -2.710494,
          "Y": 1.99999988
        }
      ],
      "ColourThemeName": "Red"
    },
    {
      "Source": {
        "PinType": 4,
        "SubChipID": 552514824,
        "PinID": 1
      },
      "Target": {
        "PinType": 3,
        "SubChipID": 1061254998,
        "PinID": 0
      },
      "WirePoints": [
        {
          "X": -1.61049414,
          "Y": 1.99999988
        },
        {
          "X": -1.2475307,
          "Y": 1.74962974
        }
      ],
      "ColourThemeName": "Red"
    },
    {
      "Source": {
        "PinType": 1,
        "SubChipID": 0,
        "PinID": 1581862751
      },
      "Target": {
        "PinType": 3,
        "SubChipID": 1061254998,
        "PinID": 1
      },
      "WirePoints": [
        {
          "X": -7.837778,
          "Y": -2.07407427
        },
        {
          "X": -1.2475307,
          "Y": 1.50962973
        }
      ],
      "ColourThemeName": "Red"
    },
    {
      "Source": {
        "PinType": 4,
        "SubChipID": 1061254998,
        "PinID": 2
      },
      "Target": {
        "PinType": 3,
        "SubChipID": 161566771,
        "PinID": 1
      },
      "WirePoints": [
        {
          "X": -0.147530675,
          "Y": 1.62962973
        },
        {
          "X": 2.9932096,
          "Y": 0.3529939
        }
      ],
      "ColourThemeName": "Red"
    },
    {
      "Source": {
        "PinType": 4,
        "SubChipID": 1823208233,
        "PinID": 2
      },
      "Target": {
        "PinType": 3,
        "SubChipID": 161566771,
        "PinID": 0
      },
      "WirePoints": [
        {
          "X": -1.59197545,
          "Y": 2.65432119
        },
        {
          "X": 2.9932096,
          "Y": 0.5929939
        }
      ],
      "ColourThemeName": "Red"
    },
    {
      "Source": {
        "PinType": 4,
        "SubChipID": 1085761402,
        "PinID": 1
      },
      "Target": {
        "PinType": 3,
        "SubChipID": 1661371937,
        "PinID": 0
      },
      "WirePoints": [
        {
          "X": -5.77716064,
          "Y": -2.25308657
        },
        {
          "X": -5.36481476,
          "Y": -2.47876549
        }
      ],
      "ColourThemeName": "Red"
    },
    {
      "Source": {
        "PinType": 1,
        "SubChipID": 0,
        "PinID": 2030489315
      },
      "Target": {
        "PinType": 3,
        "SubChipID": 1085761402,
        "PinID": 0
      },
      "WirePoints": [
        {
          "X": -7.837778,
          "Y": 1.41358018
        },
        {
          "X": -6.877161,
          "Y": -2.25308657
        }
      ],
      "ColourThemeName": "Red"
    },
    {
      "Source": {
        "PinType": 1,
        "SubChipID": 0,
        "PinID": 107136569
      },
      "Target": {
        "PinType": 3,
        "SubChipID": 1661371937,
        "PinID": 1
      },
      "WirePoints": [
        {
          "X": -7.837778,
          "Y": 0.6666666
        },
        {
          "X": -5.36481476,
          "Y": -2.71876526
        }
      ],
      "ColourThemeName": "Red"
    },
    {
      "Source": {
        "PinType": 1,
        "SubChipID": 0,
        "PinID": 1971622746
      },
      "Target": {
        "PinType": 3,
        "SubChipID": 1977607526,
        "PinID": 0
      },
      "WirePoints": [
        {
          "X": -7.837778,
          "Y": -1.33333325
        },
        {
          "X": -5.37098837,
          "Y": -3.163951
        }
      ],
      "ColourThemeName": "Red"
    },
    {
      "Source": {
        "PinType": 1,
        "SubChipID": 0,
        "PinID": 1581862751
      },
      "Target": {
        "PinType": 3,
        "SubChipID": 1977607526,
        "PinID": 1
      },
      "WirePoints": [
        {
          "X": -7.837778,
          "Y": -2.07407427
        },
        {
          "X": -5.37098837,
          "Y": -3.40395069
        }
      ],
      "ColourThemeName": "Red"
    },
    {
      "Source": {
        "PinType": 4,
        "SubChipID": 1661371937,
        "PinID": 2
      },
      "Target": {
        "PinType": 3,
        "SubChipID": 706909142,
        "PinID": 0
      },
      "WirePoints": [
        {
          "X": -4.26481438,
          "Y": -2.59876537
        },
        {
          "X": 2.9932096,
          "Y": -0.03200621
        }
      ],
      "ColourThemeName": "Red"
    },
    {
      "Source": {
        "PinType": 4,
        "SubChipID": 1977607526,
        "PinID": 2
      },
      "Target": {
        "PinType": 3,
        "SubChipID": 706909142,
        "PinID": 1
      },
      "WirePoints": [
        {
          "X": -4.270988,
          "Y": -3.28395081
        },
        {
          "X": 2.9932096,
          "Y": -0.2720062
        }
      ],
      "ColourThemeName": "Red"
    },
    {
      "Source": {
        "PinType": 1,
        "SubChipID": 0,
        "PinID": 107136569
      },
      "Target": {
        "PinType": 3,
        "SubChipID": 1973119907,
        "PinID": 0
      },
      "WirePoints": [
        {
          "X": -7.837778,
          "Y": 0.6666666
        },
        {
          "X": -3.29691386,
          "Y": 0.8395064
        }
      ],
      "ColourThemeName": "Red"
    },
    {
      "Source": {
        "PinType": 1,
        "SubChipID": 0,
        "PinID": 2030489315
      },
      "Target": {
        "PinType": 3,
        "SubChipID": 2028842813,
        "PinID": 0
      },
      "WirePoints": [
        {
          "X": -7.837778,
          "Y": 1.41358018
        },
        {
          "X": -1.80925918,
          "Y": 0.866913557
        }
      ],
      "ColourThemeName": "Red"
    },
    {
      "Source": {
        "PinType": 4,
        "SubChipID": 1973119907,
        "PinID": 1
      },
      "Target": {
        "PinType": 3,
        "SubChipID": 2028842813,
        "PinID": 1
      },
      "WirePoints": [
        {
          "X": -2.196914,
          "Y": 0.8395064
        },
        {
          "X": -1.80925918,
          "Y": 0.626913548
        }
      ],
      "ColourThemeName": "Red"
    },
    {
      "Source": {
        "PinType": 1,
        "SubChipID": 0,
        "PinID": 1971622746
      },
      "Target": {
        "PinType": 3,
        "SubChipID": 318474193,
        "PinID": 0
      },
      "WirePoints": [
        {
          "X": -7.837778,
          "Y": -1.33333325
        },
        {
          "X": -1.84629631,
          "Y": 0.249629378
        }
      ],
      "ColourThemeName": "Red"
    },
    {
      "Source": {
        "PinType": 1,
        "SubChipID": 0,
        "PinID": 1581862751
      },
      "Target": {
        "PinType": 3,
        "SubChipID": 318474193,
        "PinID": 1
      },
      "WirePoints": [
        {
          "X": -7.837778,
          "Y": -2.07407427
        },
        {
          "X": -1.84629631,
          "Y": 0.009629376
        }
      ],
      "ColourThemeName": "Red"
    },
    {
      "Source": {
        "PinType": 4,
        "SubChipID": 318474193,
        "PinID": 2
      },
      "Target": {
        "PinType": 3,
        "SubChipID": 7649453,
        "PinID": 1
      },
      "WirePoints": [
        {
          "X": -0.7462962,
          "Y": 0.129629374
        },
        {
          "X": 2.9932096,
          "Y": -0.8970063
        }
      ],
      "ColourThemeName": "Red"
    },
    {
      "Source": {
        "PinType": 4,
        "SubChipID": 2028842813,
        "PinID": 2
      },
      "Target": {
        "PinType": 3,
        "SubChipID": 7649453,
        "PinID": 0
      },
      "WirePoints": [
        {
          "X": -0.7092592,
          "Y": 0.746913552
        },
        {
          "X": 2.9932096,
          "Y": -0.657006264
        }
      ],
      "ColourThemeName": "Red"
    },
    {
      "Source": {
        "PinType": 1,
        "SubChipID": 0,
        "PinID": 1581862751
      },
      "Target": {
        "PinType": 3,
        "SubChipID": 162379778,
        "PinID": 0
      },
      "WirePoints": [
        {
          "X": -7.837778,
          "Y": -2.07407427
        },
        {
          "X": -3.97592616,
          "Y": -3.08641958
        }
      ],
      "ColourThemeName": "Red"
    },
    {
      "Source": {
        "PinType": 1,
        "SubChipID": 0,
        "PinID": 1971622746
      },
      "Target": {
        "PinType": 3,
        "SubChipID": 541915724,
        "PinID": 0
      },
      "WirePoints": [
        {
          "X": -7.837778,
          "Y": -1.33333325
        },
        {
          "X": -2.51296329,
          "Y": -2.66395068
        }
      ],
      "ColourThemeName": "Red"
    },
    {
      "Source": {
        "PinType": 4,
        "SubChipID": 162379778,
        "PinID": 1
      },
      "Target": {
        "PinType": 3,
        "SubChipID": 541915724,
        "PinID": 1
      },
      "WirePoints": [
        {
          "X": -2.87592626,
          "Y": -3.08641958
        },
        {
          "X": -2.51296329,
          "Y": -2.90395045
        }
      ],
      "ColourThemeName": "Red"
    },
    {
      "Source": {
        "PinType": 1,
        "SubChipID": 0,
        "PinID": 2030489315
      },
      "Target": {
        "PinType": 3,
        "SubChipID": 631176451,
        "PinID": 1332183837
      },
      "WirePoints": [
        {
          "X": -7.837778,
          "Y": 1.41358018
        },
        {
          "X": -2.62648153,
          "Y": -1.90469134
        }
      ],
      "ColourThemeName": "Red"
    },
    {
      "Source": {
        "PinType": 1,
        "SubChipID": 0,
        "PinID": 107136569
      },
      "Target": {
        "PinType": 3,
        "SubChipID": 631176451,
        "PinID": 1428861863
      },
      "WirePoints": [
        {
          "X": -7.837778,
          "Y": 0.6666666
        },
        {
          "X": -2.62648153,
          "Y": -2.14469123
        }
      ],
      "ColourThemeName": "Red"
    },
    {
      "Source": {
        "PinType": 4,
        "SubChipID": 631176451,
        "PinID": 299227992
      },
      "Target": {
        "PinType": 3,
        "SubChipID": 1876813016,
        "PinID": 0
      },
      "WirePoints": [
        {
          "X": -1.33648157,
          "Y": -2.02469134
        },
        {
          "X": 2.9932096,
          "Y": -1.28200638
        }
      ],
      "ColourThemeName": "Red"
    },
    {
      "Source": {
        "PinType": 4,
        "SubChipID": 541915724,
        "PinID": 2
      },
      "Target": {
        "PinType": 3,
        "SubChipID": 1876813016,
        "PinID": 1
      },
      "WirePoints": [
        {
          "X": -1.41296339,
          "Y": -2.78395057
        },
        {
          "X": 2.9932096,
          "Y": -1.52200639
        }
      ],
      "ColourThemeName": "Red"
    },
    {
      "Source": {
        "PinType": 1,
        "SubChipID": 0,
        "PinID": 1581862751
      },
      "Target": {
        "PinType": 3,
        "SubChipID": 468722584,
        "PinID": 0
      },
      "WirePoints": [
        {
          "X": -7.837778,
          "Y": -2.07407427
        },
        {
          "X": -4.55617332,
          "Y": -1.78395057
        }
      ],
      "ColourThemeName": "Red"
    },
    {
      "Source": {
        "PinType": 4,
        "SubChipID": 468722584,
        "PinID": 1
      },
      "Target": {
        "PinType": 3,
        "SubChipID": 847573383,
        "PinID": 1
      },
      "WirePoints": [
        {
          "X": -3.45617318,
          "Y": -1.78395057
        },
        {
          "X": -1.01296282,
          "Y": -1.4471606
        }
      ],
      "ColourThemeName": "Red"
    },
    {
      "Source": {
        "PinType": 1,
        "SubChipID": 0,
        "PinID": 1971622746
      },
      "Target": {
        "PinType": 3,
        "SubChipID": 847573383,
        "PinID": 0
      },
      "WirePoints": [
        {
          "X": -7.837778,
          "Y": -1.33333325
        },
        {
          "X": -1.01296282,
          "Y": -1.20716059
        }
      ],
      "ColourThemeName": "Red"
    },
    {
      "Source": {
        "PinType": 1,
        "SubChipID": 0,
        "PinID": 107136569
      },
      "Target": {
        "PinType": 3,
        "SubChipID": 1949665492,
        "PinID": 1
      },
      "WirePoints": [
        {
          "X": -7.837778,
          "Y": 0.6666666
        },
        {
          "X": -1.04999983,
          "Y": -0.768148065
        }
      ],
      "ColourThemeName": "Red"
    },
    {
      "Source": {
        "PinType": 1,
        "SubChipID": 0,
        "PinID": 2030489315
      },
      "Target": {
        "PinType": 3,
        "SubChipID": 1949665492,
        "PinID": 0
      },
      "WirePoints": [
        {
          "X": -7.837778,
          "Y": 1.41358018
        },
        {
          "X": -1.04999983,
          "Y": -0.528148055
        }
      ],
      "ColourThemeName": "Red"
    },
    {
      "Source": {
        "PinType": 4,
        "SubChipID": 1949665492,
        "PinID": 2
      },
      "Target": {
        "PinType": 3,
        "SubChipID": 350661719,
        "PinID": 0
      },
      "WirePoints": [
        {
          "X": 0.05000019,
          "Y": -0.64814806
        },
        {
          "X": 2.9932096,
          "Y": -1.90700638
        }
      ],
      "ColourThemeName": "Red"
    },
    {
      "Source": {
        "PinType": 4,
        "SubChipID": 847573383,
        "PinID": 2
      },
      "Target": {
        "PinType": 3,
        "SubChipID": 350661719,
        "PinID": 1
      },
      "WirePoints": [
        {
          "X": 0.0870372057,
          "Y": -1.3271606
        },
        {
          "X": 2.9932096,
          "Y": -2.14700627
        }
      ],
      "ColourThemeName": "Red"
    },
    {
      "Source": {
        "PinType": 4,
        "SubChipID": 1908532074,
        "PinID": 2
      },
      "Target": {
        "PinType": 3,
        "SubChipID": 1013286845,
        "PinID": 575935497
      },
      "WirePoints": [
        {
          "X": 4.09320974,
          "Y": 2.347994
        },
        {
          "X": 4.87716055,
          "Y": 2.143148
        }
      ],
      "ColourThemeName": "Red"
    },
    {
      "Source": {
        "PinType": 4,
        "SubChipID": 744800531,
        "PinID": 2
      },
      "Target": {
        "PinType": 3,
        "SubChipID": 1013286845,
        "PinID": 67122682
      },
      "WirePoints": [
        {
          "X": 4.09320974,
          "Y": 1.72299409
        },
        {
          "X": 4.87716055,
          "Y": 1.903148
        }
      ],
      "ColourThemeName": "Red"
    },
    {
      "Source": {
        "PinType": 4,
        "SubChipID": 1193353168,
        "PinID": 2
      },
      "Target": {
        "PinType": 3,
        "SubChipID": 382920878,
        "PinID": 67122682
      },
      "WirePoints": [
        {
          "X": 4.09320974,
          "Y": 1.097994
        },
        {
          "X": 4.87716055,
          "Y": 1.27814817
        }
      ],
      "ColourThemeName": "Red"
    },
    {
      "Source": {
        "PinType": 4,
        "SubChipID": 161566771,
        "PinID": 2
      },
      "Target": {
        "PinType": 3,
        "SubChipID": 1389318160,
        "PinID": 67122682
      },
      "WirePoints": [
        {
          "X": 4.09320974,
          "Y": 0.4729939
        },
        {
          "X": 4.87716055,
          "Y": 0.653148055
        }
      ],
      "ColourThemeName": "Red"
    },
    {
      "Source": {
        "PinType": 4,
        "SubChipID": 706909142,
        "PinID": 2
      },
      "Target": {
        "PinType": 3,
        "SubChipID": 2070184342,
        "PinID": 67122682
      },
      "WirePoints": [
        {
          "X": 4.09320974,
          "Y": -0.152006209
        },
        {
          "X": 4.87716055,
          "Y": 0.0281479433
        }
      ],
      "ColourThemeName": "Red"
    },
    {
      "Source": {
        "PinType": 4,
        "SubChipID": 7649453,
        "PinID": 2
      },
      "Target": {
        "PinType": 3,
        "SubChipID": 93899132,
        "PinID": 67122682
      },
      "WirePoints": [
        {
          "X": 4.09320974,
          "Y": -0.777006269
        },
        {
          "X": 4.87716055,
          "Y": -0.5968522
        }
      ],
      "ColourThemeName": "Red"
    },
    {
      "Source": {
        "PinType": 4,
        "SubChipID": 1876813016,
        "PinID": 2
      },
      "Target": {
        "PinType": 3,
        "SubChipID": 32607729,
        "PinID": 67122682
      },
      "WirePoints": [
        {
          "X": 4.09320974,
          "Y": -1.40200639
        },
        {
          "X": 4.87716055,
          "Y": -1.2218523
        }
      ],
      "ColourThemeName": "Red"
    },
    {
      "Source": {
        "PinType": 4,
        "SubChipID": 350661719,
        "PinID": 2
      },
      "Target": {
        "PinType": 3,
        "SubChipID": 1989667858,
        "PinID": 67122682
      },
      "WirePoints": [
        {
          "X": 4.09320974,
          "Y": -2.02700639
        },
        {
          "X": 4.87716055,
          "Y": -1.8468523
        }
      ],
      "ColourThemeName": "Red"
    },
    {
      "Source": {
        "PinType": 4,
        "SubChipID": 1013286845,
        "PinID": 1112816817
      },
      "Target": {
        "PinType": 3,
        "SubChipID": 382920878,
        "PinID": 575935497
      },
      "WirePoints": [
        {
          "X": 5.77716,
          "Y": 2.023148
        },
        {
          "X": 4.87716055,
          "Y": 1.51814818
        }
      ],
      "ColourThemeName": "Red"
    },
    {
      "Source": {
        "PinType": 4,
        "SubChipID": 382920878,
        "PinID": 1112816817
      },
      "Target": {
        "PinType": 3,
        "SubChipID": 1389318160,
        "PinID": 575935497
      },
      "WirePoints": [
        {
          "X": 5.77716,
          "Y": 1.39814818
        },
        {
          "X": 4.87716055,
          "Y": 0.893148065
        }
      ],
      "ColourThemeName": "Red"
    },
    {
      "Source": {
        "PinType": 4,
        "SubChipID": 1389318160,
        "PinID": 1112816817
      },
      "Target": {
        "PinType": 3,
        "SubChipID": 2070184342,
        "PinID": 575935497
      },
      "WirePoints": [
        {
          "X": 5.77716,
          "Y": 0.77314806
        },
        {
          "X": 4.87716055,
          "Y": 0.268147945
        }
      ],
      "ColourThemeName": "Red"
    },
    {
      "Source": {
        "PinType": 4,
        "SubChipID": 2070184342,
        "PinID": 1112816817
      },
      "Target": {
        "PinType": 3,
        "SubChipID": 93899132,
        "PinID": 575935497
      },
      "WirePoints": [
        {
          "X": 5.77716,
          "Y": 0.148147941
        },
        {
          "X": 4.87716055,
          "Y": -0.356852174
        }
      ],
      "ColourThemeName": "Red"
    },
    {
      "Source": {
        "PinType": 4,
        "SubChipID": 93899132,
        "PinID": 1112816817
      },
      "Target": {
        "PinType": 3,
        "SubChipID": 32607729,
        "PinID": 575935497
      },
      "WirePoints": [
        {
          "X": 5.77716,
          "Y": -0.476852179
        },
        {
          "X": 4.87716055,
          "Y": -0.9818523
        }
      ],
      "ColourThemeName": "Red"
    },
    {
      "Source": {
        "PinType": 4,
        "SubChipID": 32607729,
        "PinID": 1112816817
      },
      "Target": {
        "PinType": 3,
        "SubChipID": 1989667858,
        "PinID": 575935497
      },
      "WirePoints": [
        {
          "X": 5.77716,
          "Y": -1.1018523
        },
        {
          "X": 4.87716055,
          "Y": -1.60685229
        }
      ],
      "ColourThemeName": "Red"
    },
    {
      "Source": {
        "PinType": 4,
        "SubChipID": 1989667858,
        "PinID": 1112816817
      },
      "Target": {
        "PinType": 2,
        "SubChipID": 0,
        "PinID": 1911520525
      },
      "WirePoints": [
        {
          "X": 5.77716,
          "Y": -1.7268523
        },
        {
          "X": 7.837778,
          "Y": -0.401234627
        }
      ],
      "ColourThemeName": "Red"
    }
  ]
}