{
  "Name": "3",
  "Colour": "#1C0A85",
  "InputPins": [
    {
      "Name": "A",
      "ID": 704219822,
      "PositionY": 2.66049337,
      "ColourThemeName": "Red"
    },
    {
      "Name": "C",
      "ID": 1690617006,
      "PositionY": -2.14814782,
      "ColourThemeName": "Red"
    },
    {
      "Name": "B",
      "ID": 664093223,
      "PositionY": 1.87036991,
      "ColourThemeName": "Red"
    }
  ],
  "OutputPins": [
    {
      "Name": "Pin",
      "ID": 1998096640,
      "PositionY": 1.74074054,
      "ColourThemeName": "Red"
    },
    {
      "Name": "Pin",
      "ID": 1795550623,
      "PositionY": -0.129629672,
      "ColourThemeName": "Red"
    }
  ],
  "SubChips": [
    {
      "Name": "AND",
      "ID": 306492824,
      "Points": [
        {
          "X": -2.67283988,
          "Y": 2.98148155
        }
      ],
      "Data": null
    },
    {
      "Name": "AND",
      "ID": 127369847,
      "Points": [
        {
          "X": -4.8580246,
          "Y": 3.27160478
        }
      ],
      "Data": null
    },
    {
      "Name": "NOT",
      "ID": 2087291726,
      "Points": [
        {
          "X": -6.6419754,
          "Y": 3.36419773
        }
      ],
      "Data": null
    },
    {
      "Name": "NOT",
      "ID": 1548752041,
      "Points": [
        {
          "X": -4.95061731,
          "Y": 2.524691
        }
      ],
      "Data": null
    },
    {
      "Name": "AND",
      "ID": 875078643,
      "Points": [
        {
          "X": -4.95061731,
          "Y": 1.58024669
        }
      ],
      "Data": null
    },
    {
      "Name": "AND",
      "ID": 709548020,
      "Points": [
        {
          "X": -3.04320979,
          "Y": 1.06790125
        }
      ],
      "Data": null
    },
    {
      "Name": "NOT",
      "ID": 867303905,
      "Points": [
        {
          "X": -4.864198,
          "Y": 0.858024955
        }
      ],
      "Data": null
    },
    {
      "Name": "AND",
      "ID": 2084269052,
      "Points": [
        {
          "X": -4.154321,
          "Y": -0.141975284
        }
      ],
      "Data": null
    },
    {
      "Name": "NOT",
      "ID": 2029933147,
      "Points": [
        {
          "X": -5.561729,
          "Y": -0.45679003
        }
      ],
      "Data": null
    },
    {
      "Name": "AND",
      "ID": 952037269,
      "Points": [
        {
          "X": -2.53086424,
          "Y": -0.8765432
        }
      ],
      "Data": null
    },
    {
      "Name": "NOT",
      "ID": 526278499,
      "Points": [
        {
          "X": -4.36419773,
          "Y": -1.21604943
        }
      ],
      "Data": null
    },
    {
      "Name": "AND",
      "ID": 2096098943,
      "Points": [
        {
          "X": -4.308642,
          "Y": -2.691358
        }
      ],
      "Data": null
    },
    {
      "Name": "AND",
      "ID": 266418823,
      "Points": [
        {
          "X": -0.709876537,
          "Y": 3.70370388
        }
      ],
      "Data": null
    },
    {
      "Name": "NOT",
      "ID": 1244223436,
      "Points": [
        {
          "X": -2.697531,
          "Y": 4.14814854
        }
      ],
      "Data": null
    },
    {
      "Name": "AND",
      "ID": 1042636892,
      "Points": [
        {
          "X": 1.07407367,
          "Y": 3.27160478
        }
      ],
      "Data": null
    },
    {
      "Name": "AND",
      "ID": 1084426921,
      "Points": [
        {
          "X": -5.765432,
          "Y": -1.88271618
        }
      ],
      "Data": null
    },
    {
      "Name": "NOT",
      "ID": 1749376996,
      "Points": [
        {
          "X": -7.2962966,
          "Y": 0.2777779
        }
      ],
      "Data": null
    },
    {
      "Name": "NOT",
      "ID": 153839782,
      "Points": [
        {
          "X": -7.277778,
          "Y": -0.5185184
        }
      ],
      "Data": null
    },
    {
      "Name": "AND",
      "ID": 1423444560,
      "Points": [
        {
          "X": -1.29629624,
          "Y": 2.3209877
        }
      ],
      "Data": null
    },
    {
      "Name": "AND",
      "ID": 1369028371,
      "Points": [
        {
          "X": 0.4259258,
          "Y": 1.5925926
        }
      ],
      "Data": null
    },
    {
      "Name": "AND",
      "ID": 1306320720,
      "Points": [
        {
          "X": 0.499999821,
          "Y": 0.216049552
        }
      ],
      "Data": null
    },
    {
      "Name": "NOT",
      "ID": 43692820,
      "Points": [
        {
          "X": -1.44444478,
          "Y": 0.0555557
        }
      ],
      "Data": null
    },
    {
      "Name": "AND",
      "ID": 1130596399,
      "Points": [
        {
          "X": 2.1481483,
          "Y": -0.296296179
        }
      ],
      "Data": null
    }
  ],
  "Connections": [
    {
      "Source": {
        "PinType": 4,
        "SubChipID": 127369847,
        "PinID": 2
      },
      "Target": {
        "PinType": 3,
        "SubChipID": 306492824,
        "PinID": 0
      },
      "WirePoints": [
        {
          "X": -4.30802441,
          "Y": 3.27160478
        },
        {
          "X": -3.22283983,
          "Y": 3.10148144
        }
      ],
      "ColourThemeName": "Red"
    },
    {
      "Source": {
        "PinType": 1,
        "SubChipID": 0,
        "PinID": 664093223
      },
      "Target": {
        "PinType": 3,
        "SubChipID": 127369847,
        "PinID": 1
      },
      "WirePoints": [
        {
          "X": -7.837778,
          "Y": 1.87036991
        },
        {
          "X": -5.408025,
          "Y": 3.151605
        }
      ],
      "ColourThemeName": "Red"
    },
    {
      "Source": {
        "PinType": 4,
        "SubChipID": 2087291726,
        "PinID": 1
      },
      "Target": {
        "PinType": 3,
        "SubChipID": 127369847,
        "PinID": 0
      },
      "WirePoints": [
        {
          "X": -6.091975,
          "Y": 3.36419773
        },
        {
          "X": -5.408025,
          "Y": 3.39160466
        }
      ],
      "ColourThemeName": "Red"
    },
    {
      "Source": {
        "PinType": 1,
        "SubChipID": 0,
        "PinID": 704219822
      },
      "Target": {
        "PinType": 3,
        "SubChipID": 2087291726,
        "PinID": 0
      },
      "WirePoints": [
        {
          "X": -7.837778,
          "Y": 2.66049337
        },
        {
          "X": -7.19197559,
          "Y": 3.36419773
        }
      ],
      "ColourThemeName": "Red"
    },
    {
      "Source": {
        "PinType": 4,
        "SubChipID": 1548752041,
        "PinID": 1
      },
      "Target": {
        "PinType": 3,
        "SubChipID": 306492824,
        "PinID": 1
      },
      "WirePoints": [
        {
          "X": -4.400617,
          "Y": 2.524691
        },
        {
          "X": -3.22283983,
          "Y": 2.86148167
        }
      ],
      "ColourThemeName": "Red"
    },
    {
      "Source": {
        "PinType": 1,
        "SubChipID": 0,
        "PinID": 1690617006
      },
      "Target": {
        "PinType": 3,
        "SubChipID": 1548752041,
        "PinID": 0
      },
      "WirePoints": [
        {
          "X": -7.837778,
          "Y": -2.14814782
        },
        {
          "X": -5.5006175,
          "Y": 2.524691
        }
      ],
      "ColourThemeName": "Red"
    },
    {
      "Source": {
        "PinType": 4,
        "SubChipID": 306492824,
        "PinID": 2
      },
      "Target": {
        "PinType": 2,
        "SubChipID": 0,
        "PinID": 1795550623
      },
      "WirePoints": [
        {
          "X": -2.12284,
          "Y": 2.98148155
        },
        {
          "X": 7.837778,
          "Y": -0.129629672
        }
      ],
      "ColourThemeName": "Red"
    },
    {
      "Source": {
        "PinType": 1,
        "SubChipID": 0,
        "PinID": 704219822
      },
      "Target": {
        "PinType": 3,
        "SubChipID": 875078643,
        "PinID": 0
      },
      "WirePoints": [
        {
          "X": -7.837778,
          "Y": 2.66049337
        },
        {
          "X": -5.5006175,
          "Y": 1.70024669
        }
      ],
      "ColourThemeName": "Red"
    },
    {
      "Source": {
        "PinType": 1,
        "SubChipID": 0,
        "PinID": 664093223
      },
      "Target": {
        "PinType": 3,
        "SubChipID": 875078643,
        "PinID": 1
      },
      "WirePoints": [
        {
          "X": -7.837778,
          "Y": 1.87036991
        },
        {
          "X": -5.5006175,
          "Y": 1.46024668
        }
      ],
      "ColourThemeName": "Red"
    },
    {
      "Source": {
        "PinType": 1,
        "SubChipID": 0,
        "PinID": 1690617006
      },
      "Target": {
        "PinType": 3,
        "SubChipID": 867303905,
        "PinID": 0
      },
      "WirePoints": [
        {
          "X": -7.837778,
          "Y": -2.14814782
        },
        {
          "X": -5.4141984,
          "Y": 0.858024955
        }
      ],
      "ColourThemeName": "Red"
    },
    {
      "Source": {
        "PinType": 4,
        "SubChipID": 867303905,
        "PinID": 1
      },
      "Target": {
        "PinType": 3,
        "SubChipID": 709548020,
        "PinID": 1
      },
      "WirePoints": [
        {
          "X": -4.314198,
          "Y": 0.858024955
        },
        {
          "X": -3.59320974,
          "Y": 0.947901249
        }
      ],
      "ColourThemeName": "Red"
    },
    {
      "Source": {
        "PinType": 4,
        "SubChipID": 875078643,
        "PinID": 2
      },
      "Target": {
        "PinType": 3,
        "SubChipID": 709548020,
        "PinID": 0
      },
      "WirePoints": [
        {
          "X": -4.400617,
          "Y": 1.58024669
        },
        {
          "X": -3.59320974,
          "Y": 1.18790126
        }
      ],
      "ColourThemeName": "Red"
    },
    {
      "Source": {
        "PinType": 4,
        "SubChipID": 709548020,
        "PinID": 2
      },
      "Target": {
        "PinType": 2,
        "SubChipID": 0,
        "PinID": 1998096640
      },
      "WirePoints": [
        {
          "X": -2.49320984,
          "Y": 1.06790125
        },
        {
          "X": 7.837778,
          "Y": 1.74074054
        }
      ],
      "ColourThemeName": "Red"
    },
    {
      "Source": {
        "PinType": 1,
        "SubChipID": 0,
        "PinID": 704219822
      },
      "Target": {
        "PinType": 3,
        "SubChipID": 2084269052,
        "PinID": 0
      },
      "WirePoints": [
        {
          "X": -7.837778,
          "Y": 2.66049337
        },
        {
          "X": -4.70432138,
          "Y": -0.0219752863
        }
      ],
      "ColourThemeName": "Red"
    },
    {
      "Source": {
        "PinType": 1,
        "SubChipID": 0,
        "PinID": 664093223
      },
      "Target": {
        "PinType": 3,
        "SubChipID": 2029933147,
        "PinID": 0
      },
      "WirePoints": [
        {
          "X": -7.837778,
          "Y": 1.87036991
        },
        {
          "X": -6.111729,
          "Y": -0.45679003
        }
      ],
      "ColourThemeName": "Red"
    },
    {
      "Source": {
        "PinType": 4,
        "SubChipID": 2029933147,
        "PinID": 1
      },
      "Target": {
        "PinType": 3,
        "SubChipID": 2084269052,
        "PinID": 1
      },
      "WirePoints": [
        {
          "X": -5.011729,
          "Y": -0.45679003
        },
        {
          "X": -4.70432138,
          "Y": -0.2619753
        }
      ],
      "ColourThemeName": "Red"
    },
    {
      "Source": {
        "PinType": 1,
        "SubChipID": 0,
        "PinID": 1690617006
      },
      "Target": {
        "PinType": 3,
        "SubChipID": 526278499,
        "PinID": 0
      },
      "WirePoints": [
        {
          "X": -7.837778,
          "Y": -2.14814782
        },
        {
          "X": -4.914198,
          "Y": -1.21604943
        }
      ],
      "ColourThemeName": "Red"
    },
    {
      "Source": {
        "PinType": 4,
        "SubChipID": 526278499,
        "PinID": 1
      },
      "Target": {
        "PinType": 3,
        "SubChipID": 952037269,
        "PinID": 1
      },
      "WirePoints": [
        {
          "X": -3.81419778,
          "Y": -1.21604943
        },
        {
          "X": -3.08086419,
          "Y": -0.9965432
        }
      ],
      "ColourThemeName": "Red"
    },
    {
      "Source": {
        "PinType": 4,
        "SubChipID": 2084269052,
        "PinID": 2
      },
      "Target": {
        "PinType": 3,
        "SubChipID": 952037269,
        "PinID": 0
      },
      "WirePoints": [
        {
          "X": -3.60432124,
          "Y": -0.141975284
        },
        {
          "X": -3.08086419,
          "Y": -0.7565432
        }
      ],
      "ColourThemeName": "Red"
    },
    {
      "Source": {
        "PinType": 4,
        "SubChipID": 952037269,
        "PinID": 2
      },
      "Target": {
        "PinType": 2,
        "SubChipID": 0,
        "PinID": 1795550623
      },
      "WirePoints": [
        {
          "X": -1.98086429,
          "Y": -0.8765432
        },
        {
          "X": 7.837778,
          "Y": -0.129629672
        }
      ],
      "ColourThemeName": "Red"
    },
    {
      "Source": {
        "PinType": 1,
        "SubChipID": 0,
        "PinID": 1690617006
      },
      "Target": {
        "PinType": 3,
        "SubChipID": 2096098943,
        "PinID": 1
      },
      "WirePoints": [
        {
          "X": -7.837778,
          "Y": -2.14814782
        },
        {
          "X": -4.858642,
          "Y": -2.811358
        }
      ],
      "ColourThemeName": "Red"
    },
    {
      "Source": {
        "PinType": 4,
        "SubChipID": 2096098943,
        "PinID": 2
      },
      "Target": {
        "PinType": 2,
        "SubChipID": 0,
        "PinID": 1795550623
      },
      "WirePoints": [
        {
          "X": -3.758642,
          "Y": -2.691358
        },
        {
          "X": 7.837778,
          "Y": -0.129629672
        }
      ],
      "ColourThemeName": "Red"
    },
    {
      "Source": {
        "PinType": 1,
        "SubChipID": 0,
        "PinID": 704219822
      },
      "Target": {
        "PinType": 3,
        "SubChipID": 1244223436,
        "PinID": 0
      },
      "WirePoints": [
        {
          "X": -7.837778,
          "Y": 2.66049337
        },
        {
          "X": -3.247531,
          "Y": 4.14814854
        }
      ],
      "ColourThemeName": "Red"
    },
    {
      "Source": {
        "PinType": 4,
        "SubChipID": 1244223436,
        "PinID": 1
      },
      "Target": {
        "PinType": 3,
        "SubChipID": 266418823,
        "PinID": 0
      },
      "WirePoints": [
        {
          "X": -2.147531,
          "Y": 4.14814854
        },
        {
          "X": -1.25987649,
          "Y": 3.82370377
        }
      ],
      "ColourThemeName": "Red"
    },
    {
      "Source": {
        "PinType": 1,
        "SubChipID": 0,
        "PinID": 664093223
      },
      "Target": {
        "PinType": 3,
        "SubChipID": 266418823,
        "PinID": 1
      },
      "WirePoints": [
        {
          "X": -7.837778,
          "Y": 1.87036991
        },
        {
          "X": -1.25987649,
          "Y": 3.583704
        }
      ],
      "ColourThemeName": "Red"
    },
    {
      "Source": {
        "PinType": 4,
        "SubChipID": 266418823,
        "PinID": 2
      },
      "Target": {
        "PinType": 3,
        "SubChipID": 1042636892,
        "PinID": 0
      },
      "WirePoints": [
        {
          "X": -0.159876525,
          "Y": 3.70370388
        },
        {
          "X": 0.52407366,
          "Y": 3.39160466
        }
      ],
      "ColourThemeName": "Red"
    },
    {
      "Source": {
        "PinType": 1,
        "SubChipID": 0,
        "PinID": 1690617006
      },
      "Target": {
        "PinType": 3,
        "SubChipID": 1042636892,
        "PinID": 1
      },
      "WirePoints": [
        {
          "X": -7.837778,
          "Y": -2.14814782
        },
        {
          "X": 0.52407366,
          "Y": 3.151605
        }
      ],
      "ColourThemeName": "Red"
    },
    {
      "Source": {
        "PinType": 4,
        "SubChipID": 1042636892,
        "PinID": 2
      },
      "Target": {
        "PinType": 2,
        "SubChipID": 0,
        "PinID": 1998096640
      },
      "WirePoints": [
        {
          "X": 1.62407374,
          "Y": 3.27160478
        },
        {
          "X": 7.837778,
          "Y": 1.74074054
        }
      ],
      "ColourThemeName": "Red"
    },
    {
      "Source": {
        "PinType": 1,
        "SubChipID": 0,
        "PinID": 704219822
      },
      "Target": {
        "PinType": 3,
        "SubChipID": 1749376996,
        "PinID": 0
      },
      "WirePoints": [
        {
          "X": -7.837778,
          "Y": 2.66049337
        },
        {
          "X": -7.846297,
          "Y": 0.2777779
        }
      ],
      "ColourThemeName": "Red"
    },
    {
      "Source": {
        "PinType": 1,
        "SubChipID": 0,
        "PinID": 664093223
      },
      "Target": {
        "PinType": 3,
        "SubChipID": 153839782,
        "PinID": 0
      },
      "WirePoints": [
        {
          "X": -7.837778,
          "Y": 1.87036991
        },
        {
          "X": -7.82777834,
          "Y": -0.5185184
        }
      ],
      "ColourThemeName": "Red"
    },
    {
      "Source": {
        "PinType": 4,
        "SubChipID": 1749376996,
        "PinID": 1
      },
      "Target": {
        "PinType": 3,
        "SubChipID": 1084426921,
        "PinID": 0
      },
      "WirePoints": [
        {
          "X": -6.74629641,
          "Y": 0.2777779
        },
        {
          "X": -6.315432,
          "Y": -1.76271617
        }
      ],
      "ColourThemeName": "Red"
    },
    {
      "Source": {
        "PinType": 4,
        "SubChipID": 153839782,
        "PinID": 1
      },
      "Target": {
        "PinType": 3,
        "SubChipID": 1084426921,
        "PinID": 1
      },
      "WirePoints": [
        {
          "X": -6.727778,
          "Y": -0.5185184
        },
        {
          "X": -6.315432,
          "Y": -2.002716
        }
      ],
      "ColourThemeName": "Red"
    },
    {
      "Source": {
        "PinType": 4,
        "SubChipID": 1084426921,
        "PinID": 2
      },
      "Target": {
        "PinType": 3,
        "SubChipID": 2096098943,
        "PinID": 0
      },
      "WirePoints": [
        {
          "X": -5.21543169,
          "Y": -1.88271618
        },
        {
          "X": -4.858642,
          "Y": -2.5713582
        }
      ],
      "ColourThemeName": "Red"
    },
    {
      "Source": {
        "PinType": 1,
        "SubChipID": 0,
        "PinID": 704219822
      },
      "Target": {
        "PinType": 3,
        "SubChipID": 1423444560,
        "PinID": 0
      },
      "WirePoints": [
        {
          "X": -7.837778,
          "Y": 2.66049337
        },
        {
          "X": -1.84629631,
          "Y": 2.44098759
        }
      ],
      "ColourThemeName": "Red"
    },
    {
      "Source": {
        "PinType": 1,
        "SubChipID": 0,
        "PinID": 664093223
      },
      "Target": {
        "PinType": 3,
        "SubChipID": 1423444560,
        "PinID": 1
      },
      "WirePoints": [
        {
          "X": -7.837778,
          "Y": 1.87036991
        },
        {
          "X": -1.84629631,
          "Y": 2.20098782
        }
      ],
      "ColourThemeName": "Red"
    },
    {
      "Source": {
        "PinType": 4,
        "SubChipID": 1423444560,
        "PinID": 2
      },
      "Target": {
        "PinType": 3,
        "SubChipID": 1369028371,
        "PinID": 0
      },
      "WirePoints": [
        {
          "X": -0.7462962,
          "Y": 2.3209877
        },
        {
          "X": -0.124074221,
          "Y": 1.7125926
        }
      ],
      "ColourThemeName": "Red"
    },
    {
      "Source": {
        "PinType": 1,
        "SubChipID": 0,
        "PinID": 1690617006
      },
      "Target": {
        "PinType": 3,
        "SubChipID": 1369028371,
        "PinID": 1
      },
      "WirePoints": [
        {
          "X": -7.837778,
          "Y": -2.14814782
        },
        {
          "X": -0.124074221,
          "Y": 1.47259259
        }
      ],
      "ColourThemeName": "Red"
    },
    {
      "Source": {
        "PinType": 4,
        "SubChipID": 1369028371,
        "PinID": 2
      },
      "Target": {
        "PinType": 2,
        "SubChipID": 0,
        "PinID": 1998096640
      },
      "WirePoints": [
        {
          "X": 0.9759258,
          "Y": 1.5925926
        },
        {
          "X": 7.837778,
          "Y": 1.74074054
        }
      ],
      "ColourThemeName": "Red"
    },
    {
      "Source": {
        "PinType": 4,
        "SubChipID": 1369028371,
        "PinID": 2
      },
      "Target": {
        "PinType": 2,
        "SubChipID": 0,
        "PinID": 1795550623
      },
      "WirePoints": [
        {
          "X": 0.9759258,
          "Y": 1.5925926
        },
        {
          "X": 7.837778,
          "Y": -0.129629672
        }
      ],
      "ColourThemeName": "Red"
    },
    {
      "Source": {
        "PinType": 1,
        "SubChipID": 0,
        "PinID": 704219822
      },
      "Target": {
        "PinType": 3,
        "SubChipID": 1306320720,
        "PinID": 0
      },
      "WirePoints": [
        {
          "X": -7.837778,
          "Y": 2.66049337
        },
        {
          "X": -0.05000019,
          "Y": 0.336049557
        }
      ],
      "ColourThemeName": "Red"
    },
    {
      "Source": {
        "PinType": 4,
        "SubChipID": 43692820,
        "PinID": 1
      },
      "Target": {
        "PinType": 3,
        "SubChipID": 1306320720,
        "PinID": 1
      },
      "WirePoints": [
        {
          "X": -0.894444764,
          "Y": 0.0555557
        },
        {
          "X": -0.05000019,
          "Y": 0.0960495546
        }
      ],
      "ColourThemeName": "Red"
    },
    {
      "Source": {
        "PinType": 1,
        "SubChipID": 0,
        "PinID": 664093223
      },
      "Target": {
        "PinType": 3,
        "SubChipID": 43692820,
        "PinID": 0
      },
      "WirePoints": [
        {
          "X": -7.837778,
          "Y": 1.87036991
        },
        {
          "X": -1.99444485,
          "Y": 0.0555557
        }
      ],
      "ColourThemeName": "Red"
    },
    {
      "Source": {
        "PinType": 4,
        "SubChipID": 1306320720,
        "PinID": 2
      },
      "Target": {
        "PinType": 3,
        "SubChipID": 1130596399,
        "PinID": 0
      },
      "WirePoints": [
        {
          "X": 1.04999983,
          "Y": 0.216049552
        },
        {
          "X": 1.59814835,
          "Y": -0.176296175
        }
      ],
      "ColourThemeName": "Red"
    },
    {
      "Source": {
        "PinType": 1,
        "SubChipID": 0,
        "PinID": 1690617006
      },
      "Target": {
        "PinType": 3,
        "SubChipID": 1130596399,
        "PinID": 1
      },
      "WirePoints": [
        {
          "X": -7.837778,
          "Y": -2.14814782
        },
        {
          "X": 1.59814835,
          "Y": -0.416296184
        }
      ],
      "ColourThemeName": "Red"
    },
    {
      "Source": {
        "PinType": 4,
        "SubChipID": 1130596399,
        "PinID": 2
      },
      "Target": {
        "PinType": 2,
        "SubChipID": 0,
        "PinID": 1998096640
      },
      "WirePoints": [
        {
          "X": 2.69814825,
          "Y": -0.296296179
        },
        {
          "X": 7.837778,
          "Y": 1.74074054
        }
      ],
      "ColourThemeName": "Red"
    }
  ]
}