{
  "Name": "5",
  "Colour": "#1D6D3D",
  "InputPins": [
    {
      "Name": "A",
      "ID": 1019973493,
      "PositionY": 2.72222233,
      "ColourThemeName": "Red"
    },
    {
      "Name": "B",
      "ID": 508929912,
      "PositionY": 1.89506173,
      "ColourThemeName": "Red"
    },
    {
      "Name": "S1",
      "ID": 2086145149,
      "PositionY": -1.10493839,
      "ColourThemeName": "Red"
    },
    {
      "Name": "S2",
      "ID": 642579659,
      "PositionY": -2.06790113,
      "ColourThemeName": "Red"
    }
  ],
  "OutputPins": [
    {
      "Name": "Pin",
      "ID": 673878782,
      "PositionY": -0.11728406,
      "ColourThemeName": "Red"
    }
  ],
  "SubChips": [
    {
      "Name": "AND",
      "ID": 1579867998,
      "Points": [
        {
          "X": -3.3271606,
          "Y": 3.993827
        }
      ],
      "Data": null
    },
    {
      "Name": "NOT",
      "ID": 49404696,
      "Points": [
        {
          "X": -5.62345743,
          "Y": 4.19753075
        }
      ],
      "Data": null
    },
    {
      "Name": "OR",
      "ID": 1728854828,
      "Points": [
        {
          "X": 3.69135761,
          "Y": 0.900462747
        }
      ],
      "Data": null
    },
    {
      "Name": "OR",
      "ID": 69598789,
      "Points": [
        {
          "X": 3.69135761,
          "Y": 0.275462836
        }
      ],
      "Data": null
    },
    {
      "Name": "OR",
      "ID": 1077407968,
      "Points": [
        {
          "X": 3.69135761,
          "Y": -0.3495371
        }
      ],
      "Data": null
    },
    {
      "Name": "AND",
      "ID": 1677075177,
      "Points": [
        {
          "X": -4.191358,
          "Y": 2.21604943
        }
      ],
      "Data": null
    },
    {
      "Name": "AND",
      "ID": 1300436563,
      "Points": [
        {
          "X": -2.438272,
          "Y": 1.259259
        }
      ],
      "Data": null
    },
    {
      "Name": "NOT",
      "ID": 1926661166,
      "Points": [
        {
          "X": -5.86419773,
          "Y": 0.9629631
        }
      ],
      "Data": null
    },
    {
      "Name": "NOT",
      "ID": 959219469,
      "Points": [
        {
          "X": -5.901235,
          "Y": 1.74691379
        }
      ],
      "Data": null
    },
    {
      "Name": "AND",
      "ID": 261329619,
      "Points": [
        {
          "X": -4.03086424,
          "Y": -0.493827164
        }
      ],
      "Data": null
    },
    {
      "Name": "AND",
      "ID": 138545700,
      "Points": [
        {
          "X": -2.62962985,
          "Y": -1.20370364
        }
      ],
      "Data": null
    },
    {
      "Name": "AND",
      "ID": 1890228695,
      "Points": [
        {
          "X": -4.72222233,
          "Y": -2.395062
        }
      ],
      "Data": null
    },
    {
      "Name": "NOT",
      "ID": 718355193,
      "Points": [
        {
          "X": -6.370371,
          "Y": -2.03731513
        }
      ],
      "Data": null
    },
    {
      "Name": "NOT",
      "ID": 1044823318,
      "Points": [
        {
          "X": -6.370371,
          "Y": -2.592315
        }
      ],
      "Data": null
    },
    {
      "Name": "AND",
      "ID": 1384047556,
      "Points": [
        {
          "X": -2.919753,
          "Y": -2.1790123
        }
      ],
      "Data": null
    },
    {
      "Name": "AND",
      "ID": 238243755,
      "Points": [
        {
          "X": 0.0864198357,
          "Y": 3.83333325
        }
      ],
      "Data": null
    },
    {
      "Name": "NOT",
      "ID": 160103057,
      "Points": [
        {
          "X": -2.00000024,
          "Y": 3.2095983
        }
      ],
      "Data": null
    },
    {
      "Name": "NOT",
      "ID": 167976391,
      "Points": [
        {
          "X": -2.00000024,
          "Y": 2.65459847
        }
      ],
      "Data": null
    },
    {
      "Name": "AND",
      "ID": 975001860,
      "Points": [
        {
          "X": 1.54938281,
          "Y": 3.15432072
        }
      ],
      "Data": null
    },
    {
      "Name": "AND",
      "ID": 946125986,
      "Points": [
        {
          "X": -0.17901209,
          "Y": 1.80864215
        }
      ],
      "Data": null
    },
    {
      "Name": "NOT",
      "ID": 156152032,
      "Points": [
        {
          "X": -2.01234555,
          "Y": 2.049383
        }
      ],
      "Data": null
    }
  ],
  "Connections": [
    {
      "Source": {
        "PinType": 1,
        "SubChipID": 0,
        "PinID": 2086145149
      },
      "Target": {
        "PinType": 3,
        "SubChipID": 49404696,
        "PinID": 0
      },
      "WirePoints": [
        {
          "X": -7.837778,
          "Y": -1.10493839
        },
        {
          "X": -6.17345762,
          "Y": 4.19753075
        }
      ],
      "ColourThemeName": "Red"
    },
    {
      "Source": {
        "PinType": 1,
        "SubChipID": 0,
        "PinID": 508929912
      },
      "Target": {
        "PinType": 3,
        "SubChipID": 1579867998,
        "PinID": 1
      },
      "WirePoints": [
        {
          "X": -7.837778,
          "Y": 1.89506173
        },
        {
          "X": -3.87716055,
          "Y": 3.87382722
        }
      ],
      "ColourThemeName": "Red"
    },
    {
      "Source": {
        "PinType": 4,
        "SubChipID": 49404696,
        "PinID": 1
      },
      "Target": {
        "PinType": 3,
        "SubChipID": 1579867998,
        "PinID": 0
      },
      "WirePoints": [
        {
          "X": -5.07345724,
          "Y": 4.19753075
        },
        {
          "X": -3.87716055,
          "Y": 4.113827
        }
      ],
      "ColourThemeName": "Red"
    },
    {
      "Source": {
        "PinType": 4,
        "SubChipID": 1728854828,
        "PinID": 1112816817
      },
      "Target": {
        "PinType": 3,
        "SubChipID": 69598789,
        "PinID": 575935497
      },
      "WirePoints": [
        {
          "X": 4.14135742,
          "Y": 0.900462747
        },
        {
          "X": 3.24135756,
          "Y": 0.395462841
        }
      ],
      "ColourThemeName": "Red"
    },
    {
      "Source": {
        "PinType": 4,
        "SubChipID": 69598789,
        "PinID": 1112816817
      },
      "Target": {
        "PinType": 3,
        "SubChipID": 1077407968,
        "PinID": 575935497
      },
      "WirePoints": [
        {
          "X": 4.14135742,
          "Y": 0.275462836
        },
        {
          "X": 3.24135756,
          "Y": -0.2295371
        }
      ],
      "ColourThemeName": "Red"
    },
    {
      "Source": {
        "PinType": 4,
        "SubChipID": 1579867998,
        "PinID": 2
      },
      "Target": {
        "PinType": 3,
        "SubChipID": 1728854828,
        "PinID": 575935497
      },
      "WirePoints": [
        {
          "X": -2.77716064,
          "Y": 3.993827
        },
        {
          "X": 3.24135756,
          "Y": 1.02046275
        }
      ],
      "ColourThemeName": "Red"
    },
    {
      "Source": {
        "PinType": 4,
        "SubChipID": 1677075177,
        "PinID": 2
      },
      "Target": {
        "PinType": 3,
        "SubChipID": 1300436563,
        "PinID": 0
      },
      "WirePoints": [
        {
          "X": -3.64135814,
          "Y": 2.21604943
        },
        {
          "X": -2.988272,
          "Y": 1.379259
        }
      ],
      "ColourThemeName": "Red"
    },
    {
      "Source": {
        "PinType": 1,
        "SubChipID": 0,
        "PinID": 642579659
      },
      "Target": {
        "PinType": 3,
        "SubChipID": 1300436563,
        "PinID": 1
      },
      "WirePoints": [
        {
          "X": -7.837778,
          "Y": -2.06790113
        },
        {
          "X": -2.988272,
          "Y": 1.139259
        }
      ],
      "ColourThemeName": "Red"
    },
    {
      "Source": {
        "PinType": 4,
        "SubChipID": 1926661166,
        "PinID": 1
      },
      "Target": {
        "PinType": 3,
        "SubChipID": 1677075177,
        "PinID": 1
      },
      "WirePoints": [
        {
          "X": -5.31419754,
          "Y": 0.9629631
        },
        {
          "X": -4.74135828,
          "Y": 2.09604955
        }
      ],
      "ColourThemeName": "Red"
    },
    {
      "Source": {
        "PinType": 1,
        "SubChipID": 0,
        "PinID": 2086145149
      },
      "Target": {
        "PinType": 3,
        "SubChipID": 1926661166,
        "PinID": 0
      },
      "WirePoints": [
        {
          "X": -7.837778,
          "Y": -1.10493839
        },
        {
          "X": -6.414198,
          "Y": 0.9629631
        }
      ],
      "ColourThemeName": "Red"
    },
    {
      "Source": {
        "PinType": 1,
        "SubChipID": 0,
        "PinID": 1019973493
      },
      "Target": {
        "PinType": 3,
        "SubChipID": 959219469,
        "PinID": 0
      },
      "WirePoints": [
        {
          "X": -7.837778,
          "Y": 2.72222233
        },
        {
          "X": -6.45123529,
          "Y": 1.74691379
        }
      ],
      "ColourThemeName": "Red"
    },
    {
      "Source": {
        "PinType": 4,
        "SubChipID": 1300436563,
        "PinID": 2
      },
      "Target": {
        "PinType": 3,
        "SubChipID": 1728854828,
        "PinID": 67122682
      },
      "WirePoints": [
        {
          "X": -1.888272,
          "Y": 1.259259
        },
        {
          "X": 3.24135756,
          "Y": 0.780462742
        }
      ],
      "ColourThemeName": "Red"
    },
    {
      "Source": {
        "PinType": 4,
        "SubChipID": 261329619,
        "PinID": 2
      },
      "Target": {
        "PinType": 3,
        "SubChipID": 138545700,
        "PinID": 0
      },
      "WirePoints": [
        {
          "X": -3.48086429,
          "Y": -0.493827164
        },
        {
          "X": -3.1796298,
          "Y": -1.08370364
        }
      ],
      "ColourThemeName": "Red"
    },
    {
      "Source": {
        "PinType": 1,
        "SubChipID": 0,
        "PinID": 642579659
      },
      "Target": {
        "PinType": 3,
        "SubChipID": 138545700,
        "PinID": 1
      },
      "WirePoints": [
        {
          "X": -7.837778,
          "Y": -2.06790113
        },
        {
          "X": -3.1796298,
          "Y": -1.32370365
        }
      ],
      "ColourThemeName": "Red"
    },
    {
      "Source": {
        "PinType": 1,
        "SubChipID": 0,
        "PinID": 1019973493
      },
      "Target": {
        "PinType": 3,
        "SubChipID": 261329619,
        "PinID": 0
      },
      "WirePoints": [
        {
          "X": -7.837778,
          "Y": 2.72222233
        },
        {
          "X": -4.58086443,
          "Y": -0.373827159
        }
      ],
      "ColourThemeName": "Red"
    },
    {
      "Source": {
        "PinType": 1,
        "SubChipID": 0,
        "PinID": 508929912
      },
      "Target": {
        "PinType": 3,
        "SubChipID": 261329619,
        "PinID": 1
      },
      "WirePoints": [
        {
          "X": -7.837778,
          "Y": 1.89506173
        },
        {
          "X": -4.58086443,
          "Y": -0.613827169
        }
      ],
      "ColourThemeName": "Red"
    },
    {
      "Source": {
        "PinType": 4,
        "SubChipID": 138545700,
        "PinID": 2
      },
      "Target": {
        "PinType": 3,
        "SubChipID": 69598789,
        "PinID": 575935497
      },
      "WirePoints": [
        {
          "X": -2.07963,
          "Y": -1.20370364
        },
        {
          "X": 3.24135756,
          "Y": 0.395462841
        }
      ],
      "ColourThemeName": "Red"
    },
    {
      "Source": {
        "PinType": 1,
        "SubChipID": 0,
        "PinID": 2086145149
      },
      "Target": {
        "PinType": 3,
        "SubChipID": 718355193,
        "PinID": 0
      },
      "WirePoints": [
        {
          "X": -7.837778,
          "Y": -1.10493839
        },
        {
          "X": -6.920371,
          "Y": -2.03731513
        }
      ],
      "ColourThemeName": "Red"
    },
    {
      "Source": {
        "PinType": 1,
        "SubChipID": 0,
        "PinID": 642579659
      },
      "Target": {
        "PinType": 3,
        "SubChipID": 1044823318,
        "PinID": 0
      },
      "WirePoints": [
        {
          "X": -7.837778,
          "Y": -2.06790113
        },
        {
          "X": -6.920371,
          "Y": -2.592315
        }
      ],
      "ColourThemeName": "Red"
    },
    {
      "Source": {
        "PinType": 4,
        "SubChipID": 718355193,
        "PinID": 1
      },
      "Target": {
        "PinType": 3,
        "SubChipID": 1890228695,
        "PinID": 0
      },
      "WirePoints": [
        {
          "X": -5.82037067,
          "Y": -2.03731513
        },
        {
          "X": -5.27222252,
          "Y": -2.275062
        }
      ],
      "ColourThemeName": "Red"
    },
    {
      "Source": {
        "PinType": 4,
        "SubChipID": 1044823318,
        "PinID": 1
      },
      "Target": {
        "PinType": 3,
        "SubChipID": 1890228695,
        "PinID": 1
      },
      "WirePoints": [
        {
          "X": -5.82037067,
          "Y": -2.592315
        },
        {
          "X": -5.27222252,
          "Y": -2.51506186
        }
      ],
      "ColourThemeName": "Red"
    },
    {
      "Source": {
        "PinType": 1,
        "SubChipID": 0,
        "PinID": 1019973493
      },
      "Target": {
        "PinType": 3,
        "SubChipID": 1384047556,
        "PinID": 0
      },
      "WirePoints": [
        {
          "X": -7.837778,
          "Y": 2.72222233
        },
        {
          "X": -3.469753,
          "Y": -2.05901241
        }
      ],
      "ColourThemeName": "Red"
    },
    {
      "Source": {
        "PinType": 4,
        "SubChipID": 1890228695,
        "PinID": 2
      },
      "Target": {
        "PinType": 3,
        "SubChipID": 1384047556,
        "PinID": 1
      },
      "WirePoints": [
        {
          "X": -4.172222,
          "Y": -2.395062
        },
        {
          "X": -3.469753,
          "Y": -2.29901218
        }
      ],
      "ColourThemeName": "Red"
    },
    {
      "Source": {
        "PinType": 4,
        "SubChipID": 1384047556,
        "PinID": 2
      },
      "Target": {
        "PinType": 3,
        "SubChipID": 69598789,
        "PinID": 67122682
      },
      "WirePoints": [
        {
          "X": -2.36975312,
          "Y": -2.1790123
        },
        {
          "X": 3.24135756,
          "Y": 0.155462831
        }
      ],
      "ColourThemeName": "Red"
    },
    {
      "Source": {
        "PinType": 4,
        "SubChipID": 160103057,
        "PinID": 1
      },
      "Target": {
        "PinType": 3,
        "SubChipID": 238243755,
        "PinID": 0
      },
      "WirePoints": [
        {
          "X": -1.45000029,
          "Y": 3.2095983
        },
        {
          "X": -0.4635802,
          "Y": 3.95333314
        }
      ],
      "ColourThemeName": "Red"
    },
    {
      "Source": {
        "PinType": 4,
        "SubChipID": 167976391,
        "PinID": 1
      },
      "Target": {
        "PinType": 3,
        "SubChipID": 238243755,
        "PinID": 1
      },
      "WirePoints": [
        {
          "X": -1.45000029,
          "Y": 2.65459847
        },
        {
          "X": -0.4635802,
          "Y": 3.71333337
        }
      ],
      "ColourThemeName": "Red"
    },
    {
      "Source": {
        "PinType": 1,
        "SubChipID": 0,
        "PinID": 1019973493
      },
      "Target": {
        "PinType": 3,
        "SubChipID": 160103057,
        "PinID": 0
      },
      "WirePoints": [
        {
          "X": -7.837778,
          "Y": 2.72222233
        },
        {
          "X": -2.55000019,
          "Y": 3.2095983
        }
      ],
      "ColourThemeName": "Red"
    },
    {
      "Source": {
        "PinType": 1,
        "SubChipID": 0,
        "PinID": 508929912
      },
      "Target": {
        "PinType": 3,
        "SubChipID": 167976391,
        "PinID": 0
      },
      "WirePoints": [
        {
          "X": -7.837778,
          "Y": 1.89506173
        },
        {
          "X": -2.55000019,
          "Y": 2.65459847
        }
      ],
      "ColourThemeName": "Red"
    },
    {
      "Source": {
        "PinType": 4,
        "SubChipID": 238243755,
        "PinID": 2
      },
      "Target": {
        "PinType": 3,
        "SubChipID": 975001860,
        "PinID": 0
      },
      "WirePoints": [
        {
          "X": 0.636419833,
          "Y": 3.83333325
        },
        {
          "X": 0.9993828,
          "Y": 3.2743206
        }
      ],
      "ColourThemeName": "Red"
    },
    {
      "Source": {
        "PinType": 1,
        "SubChipID": 0,
        "PinID": 642579659
      },
      "Target": {
        "PinType": 3,
        "SubChipID": 156152032,
        "PinID": 0
      },
      "WirePoints": [
        {
          "X": -7.837778,
          "Y": -2.06790113
        },
        {
          "X": -2.5623455,
          "Y": 2.049383
        }
      ],
      "ColourThemeName": "Red"
    },
    {
      "Source": {
        "PinType": 4,
        "SubChipID": 156152032,
        "PinID": 1
      },
      "Target": {
        "PinType": 3,
        "SubChipID": 946125986,
        "PinID": 1
      },
      "WirePoints": [
        {
          "X": -1.4623456,
          "Y": 2.049383
        },
        {
          "X": -0.729012132,
          "Y": 1.68864214
        }
      ],
      "ColourThemeName": "Red"
    },
    {
      "Source": {
        "PinType": 1,
        "SubChipID": 0,
        "PinID": 2086145149
      },
      "Target": {
        "PinType": 3,
        "SubChipID": 946125986,
        "PinID": 0
      },
      "WirePoints": [
        {
          "X": -7.837778,
          "Y": -1.10493839
        },
        {
          "X": -0.729012132,
          "Y": 1.92864215
        }
      ],
      "ColourThemeName": "Red"
    },
    {
      "Source": {
        "PinType": 4,
        "SubChipID": 946125986,
        "PinID": 2
      },
      "Target": {
        "PinType": 3,
        "SubChipID": 975001860,
        "PinID": 1
      },
      "WirePoints": [
        {
          "X": 0.370987922,
          "Y": 1.80864215
        },
        {
          "X": 0.9993828,
          "Y": 3.03432083
        }
      ],
      "ColourThemeName": "Red"
    },
    {
      "Source": {
        "PinType": 4,
        "SubChipID": 975001860,
        "PinID": 2
      },
      "Target": {
        "PinType": 3,
        "SubChipID": 1077407968,
        "PinID": 67122682
      },
      "WirePoints": [
        {
          "X": 2.09938288,
          "Y": 3.15432072
        },
        {
          "X": 3.24135756,
          "Y": -0.4695371
        }
      ],
      "ColourThemeName": "Red"
    },
    {
      "Source": {
        "PinType": 4,
        "SubChipID": 1077407968,
        "PinID": 1112816817
      },
      "Target": {
        "PinType": 2,
        "SubChipID": 0,
        "PinID": 673878782
      },
      "WirePoints": [
        {
          "X": 4.14135742,
          "Y": -0.3495371
        },
        {
          "X": 7.837778,
          "Y": -0.11728406
        }
      ],
      "ColourThemeName": "Red"
    }
  ]
}