{
  "Name": "8x1 Multiplex",
  "Colour": "#536C71",
  "InputPins": [
    {
      "Name": "A",
      "ID": 1570304242,
      "PositionY": 3.613757,
      "ColourThemeName": "Red"
    },
    {
      "Name": "B",
      "ID": 1801651046,
      "PositionY": 2.97883558,
      "ColourThemeName": "Red"
    },
    {
      "Name": "C",
      "ID": 585375884,
      "PositionY": 2.35449743,
      "ColourThemeName": "Red"
    },
    {
      "Name": "D",
      "ID": 1835226711,
      "PositionY": 1.75661385,
      "ColourThemeName": "Red"
    },
    {
      "Name": "E",
      "ID": 1566284532,
      "PositionY": 1.12169325,
      "ColourThemeName": "Red"
    },
    {
      "Name": "F",
      "ID": 1514437347,
      "PositionY": 0.5079365,
      "ColourThemeName": "Red"
    },
    {
      "Name": "G",
      "ID": 1880775247,
      "PositionY": -0.121693015,
      "ColourThemeName": "Red"
    },
    {
      "Name": "H",
      "ID": 1564349645,
      "PositionY": -0.7354498,
      "ColourThemeName": "Red"
    },
    {
      "Name": "S1",
      "ID": 1595424900,
      "PositionY": -1.89417982,
      "ColourThemeName": "Red"
    },
    {
      "Name": "S2",
      "ID": 630911215,
      "PositionY": -2.48148155,
      "ColourThemeName": "Red"
    },
    {
      "Name": "S3",
      "ID": 1092544528,
      "PositionY": -3.137566,
      "ColourThemeName": "Red"
    }
  ],
  "OutputPins": [
    {
      "Name": "R",
      "ID": 1712499012,
      "PositionY": 0.9470898,
      "ColourThemeName": "Red"
    }
  ],
  "SubChips": [
    {
      "Name": "4x1 Multiplex",
      "ID": 372328222,
      "Points": [
        {
          "X": -2.33862472,
          "Y": 2.343915
        }
      ],
      "Data": null
    },
    {
      "Name": "4x1 Multiplex",
      "ID": 970046323,
      "Points": [
        {
          "X": -2.42328072,
          "Y": 0.07407427
        }
      ],
      "Data": null
    },
    {
      "Name": "2x1 Multiplex",
      "ID": 1689796910,
      "Points": [
        {
          "X": 1.1269846,
          "Y": 1.07407391
        }
      ],
      "Data": null
    }
  ],
  "Connections": [
    {
      "Source": {
        "PinType": 1,
        "SubChipID": 0,
        "PinID": 1570304242
      },
      "Target": {
        "PinType": 3,
        "SubChipID": 372328222,
        "PinID": 445434056
      },
      "WirePoints": [
        {
          "X": -7.837778,
          "Y": 3.613757
        },
        {
          "X": -3.25862479,
          "Y": 2.943915
        }
      ],
      "ColourThemeName": "Red"
    },
    {
      "Source": {
        "PinType": 1,
        "SubChipID": 0,
        "PinID": 1801651046
      },
      "Target": {
        "PinType": 3,
        "SubChipID": 372328222,
        "PinID": 1246247548
      },
      "WirePoints": [
        {
          "X": -7.837778,
          "Y": 2.97883558
        },
        {
          "X": -3.25862479,
          "Y": 2.70391488
        }
      ],
      "ColourThemeName": "Red"
    },
    {
      "Source": {
        "PinType": 1,
        "SubChipID": 0,
        "PinID": 585375884
      },
      "Target": {
        "PinType": 3,
        "SubChipID": 372328222,
        "PinID": 593860638
      },
      "WirePoints": [
        {
          "X": -7.837778,
          "Y": 2.35449743
        },
        {
          "X": -3.25862479,
          "Y": 2.46391487
        }
      ],
      "ColourThemeName": "Red"
    },
    {
      "Source": {
        "PinType": 1,
        "SubChipID": 0,
        "PinID": 1835226711
      },
      "Target": {
        "PinType": 3,
        "SubChipID": 372328222,
        "PinID": 1983511009
      },
      "WirePoints": [
        {
          "X": -7.837778,
          "Y": 1.75661385
        },
        {
          "X": -3.25862479,
          "Y": 2.22391486
        }
      ],
      "ColourThemeName": "Red"
    },
    {
      "Source": {
        "PinType": 1,
        "SubChipID": 0,
        "PinID": 1566284532
      },
      "Target": {
        "PinType": 3,
        "SubChipID": 970046323,
        "PinID": 445434056
      },
      "WirePoints": [
        {
          "X": -7.837778,
          "Y": 1.12169325
        },
        {
          "X": -3.34328079,
          "Y": 0.674074233
        }
      ],
      "ColourThemeName": "Red"
    },
    {
      "Source": {
        "PinType": 1,
        "SubChipID": 0,
        "PinID": 1514437347
      },
      "Target": {
        "PinType": 3,
        "SubChipID": 970046323,
        "PinID": 1246247548
      },
      "WirePoints": [
        {
          "X": -7.837778,
          "Y": 0.5079365
        },
        {
          "X": -3.34328079,
          "Y": 0.434074253
        }
      ],
      "ColourThemeName": "Red"
    },
    {
      "Source": {
        "PinType": 1,
        "SubChipID": 0,
        "PinID": 1880775247
      },
      "Target": {
        "PinType": 3,
        "SubChipID": 970046323,
        "PinID": 593860638
      },
      "WirePoints": [
        {
          "X": -7.837778,
          "Y": -0.121693015
        },
        {
          "X": -3.34328079,
          "Y": 0.194074243
        }
      ],
      "ColourThemeName": "Red"
    },
    {
      "Source": {
        "PinType": 1,
        "SubChipID": 0,
        "PinID": 1564349645
      },
      "Target": {
        "PinType": 3,
        "SubChipID": 970046323,
        "PinID": 1983511009
      },
      "WirePoints": [
        {
          "X": -7.837778,
          "Y": -0.7354498
        },
        {
          "X": -3.34328079,
          "Y": -0.04592575
        }
      ],
      "ColourThemeName": "Red"
    },
    {
      "Source": {
        "PinType": 1,
        "SubChipID": 0,
        "PinID": 1595424900
      },
      "Target": {
        "PinType": 3,
        "SubChipID": 372328222,
        "PinID": 1858224742
      },
      "WirePoints": [
        {
          "X": -7.837778,
          "Y": -1.89417982
        },
        {
          "X": -5.111111,
          "Y": -1.85185194
        },
        {
          "X": -4.941799,
          "Y": 1.96296275
        },
        {
          "X": -3.25862479,
          "Y": 1.983915
        }
      ],
      "ColourThemeName": "Red"
    },
    {
      "Source": {
        "PinType": 1,
        "SubChipID": 0,
        "PinID": 630911215
      },
      "Target": {
        "PinType": 3,
        "SubChipID": 372328222,
        "PinID": 434352977
      },
      "WirePoints": [
        {
          "X": -7.837778,
          "Y": -2.48148155
        },
        {
          "X": -4.857143,
          "Y": -2.41798925
        },
        {
          "X": -4.68254,
          "Y": 1.703704
        },
        {
          "X": -3.25862479,
          "Y": 1.74391508
        }
      ],
      "ColourThemeName": "Red"
    },
    {
      "Source": {
        "PinType": 1,
        "SubChipID": 0,
        "PinID": 1595424900
      },
      "Target": {
        "PinType": 3,
        "SubChipID": 970046323,
        "PinID": 1858224742
      },
      "WirePoints": [
        {
          "X": -7.837778,
          "Y": -1.89417982
        },
        {
          "X": -5.111111,
          "Y": -1.85185194
        },
        {
          "X": -5.054066,
          "Y": -0.566555858
        },
        {
          "X": -3.34328079,
          "Y": -0.285925716
        }
      ],
      "ColourThemeName": "Red"
    },
    {
      "Source": {
        "PinType": 1,
        "SubChipID": 0,
        "PinID": 630911215
      },
      "Target": {
        "PinType": 3,
        "SubChipID": 970046323,
        "PinID": 434352977
      },
      "WirePoints": [
        {
          "X": -7.837778,
          "Y": -2.48148155
        },
        {
          "X": -4.857143,
          "Y": -2.41798925
        },
        {
          "X": -4.78936625,
          "Y": -0.818045855
        },
        {
          "X": -3.34328079,
          "Y": -0.5259257
        }
      ],
      "ColourThemeName": "Red"
    },
    {
      "Source": {
        "PinType": 4,
        "SubChipID": 372328222,
        "PinID": 721915530
      },
      "Target": {
        "PinType": 3,
        "SubChipID": 1689796910,
        "PinID": 651868880
      },
      "WirePoints": [
        {
          "X": -1.41862464,
          "Y": 2.343915
        },
        {
          "X": -0.4338625,
          "Y": 2.32804251
        },
        {
          "X": -0.417989641,
          "Y": 1.35449708
        },
        {
          "X": 0.20698458,
          "Y": 1.31407392
        }
      ],
      "ColourThemeName": "Red"
    },
    {
      "Source": {
        "PinType": 4,
        "SubChipID": 970046323,
        "PinID": 721915530
      },
      "Target": {
        "PinType": 3,
        "SubChipID": 1689796910,
        "PinID": 1436955854
      },
      "WirePoints": [
        {
          "X": -1.50328064,
          "Y": 0.07407427
        },
        {
          "X": -0.6719579,
          "Y": 0.08465588
        },
        {
          "X": -0.645502448,
          "Y": 1.08994722
        },
        {
          "X": 0.20698458,
          "Y": 1.07407391
        }
      ],
      "ColourThemeName": "Red"
    },
    {
      "Source": {
        "PinType": 1,
        "SubChipID": 0,
        "PinID": 1092544528
      },
      "Target": {
        "PinType": 3,
        "SubChipID": 1689796910,
        "PinID": 111895698
      },
      "WirePoints": [
        {
          "X": -7.837778,
          "Y": -3.137566
        },
        {
          "X": -0.349206418,
          "Y": -2.92592573
        },
        {
          "X": -0.417989641,
          "Y": 0.8465606
        },
        {
          "X": 0.20698458,
          "Y": 0.8340739
        }
      ],
      "ColourThemeName": "Red"
    },
    {
      "Source": {
        "PinType": 4,
        "SubChipID": 1689796910,
        "PinID": 1568068014
      },
      "Target": {
        "PinType": 2,
        "SubChipID": 0,
        "PinID": 1712499012
      },
      "WirePoints": [
        {
          "X": 2.04698467,
          "Y": 1.07407391
        },
        {
          "X": 7.837778,
          "Y": 0.9470898
        }
      ],
      "ColourThemeName": "Red"
    }
  ]
}