{
  "Name": "LogicUnit",
  "Colour": "#3E4D1D",
  "InputPins": [
    {
      "Name": "A1",
      "ID": 2101437454,
      "PositionY": 2.13227534,
      "ColourThemeName": "Red"
    },
    {
      "Name": "B1",
      "ID": 1830018743,
      "PositionY": 0.5555552,
      "ColourThemeName": "Red"
    },
    {
      "Name": "S1",
      "ID": 471256268,
      "PositionY": -1.62962973,
      "ColourThemeName": "Red"
    },
    {
      "Name": "S2",
      "ID": 1966393136,
      "PositionY": -2.34391546,
      "ColourThemeName": "Red"
    },
    {
      "Name": "S3",
      "ID": 2098211351,
      "PositionY": -3.084656,
      "ColourThemeName": "Red"
    },
    {
      "Name": "B2",
      "ID": 932173163,
      "PositionY": -0.142857134,
      "ColourThemeName": "Red"
    },
    {
      "Name": "A2",
      "ID": 1151517299,
      "PositionY": 1.4920634,
      "ColourThemeName": "Red"
    }
  ],
  "OutputPins": [
    {
      "Name": "Pin",
      "ID": 255206731,
      "PositionY": 0.280423164,
      "ColourThemeName": "Red"
    },
    {
      "Name": "Pin",
      "ID": 749138068,
      "PositionY": -0.576719642,
      "ColourThemeName": "Red"
    }
  ],
  "SubChips": [
    {
      "Name": "8x1 Multiplex",
      "ID": 1842414366,
      "Points": [
        {
          "X": 5.650793,
          "Y": 0.269841075
        }
      ],
      "Data": null
    },
    {
      "Name": "OR",
      "ID": 543027517,
      "Points": [
        {
          "X": -5.619048,
          "Y": 4.164021
        }
      ],
      "Data": null
    },
    {
      "Name": "NAND",
      "ID": 595545207,
      "Points": [
        {
          "X": -5.624339,
          "Y": 3.42328072
        }
      ],
      "Data": null
    },
    {
      "Name": "NOR",
      "ID": 481732823,
      "Points": [
        {
          "X": -5.624339,
          "Y": 2.71957684
        }
      ],
      "Data": null
    },
    {
      "Name": "AND",
      "ID": 2086427150,
      "Points": [
        {
          "X": -5.613757,
          "Y": 2.095238
        }
      ],
      "Data": null
    },
    {
      "Name": "2 Bit Adder",
      "ID": 238630099,
      "Points": [
        {
          "X": -5.322751,
          "Y": 0.6666666
        }
      ],
      "Data": null
    },
    {
      "Name": "2x1 Multiplex",
      "ID": 1656430388,
      "Points": [
        {
          "X": -0.06878323,
          "Y": 0.6296295
        }
      ],
      "Data": null
    },
    {
      "Name": "2x1 Multiplex",
      "ID": 2066786889,
      "Points": [
        {
          "X": -0.0529098548,
          "Y": -0.359788239
        }
      ],
      "Data": null
    },
    {
      "Name": "AND",
      "ID": 924108808,
      "Points": [
        {
          "X": -4.98941755,
          "Y": -1.82010591
        }
      ],
      "Data": null
    },
    {
      "Name": "NOT",
      "ID": 1353653561,
      "Points": [
        {
          "X": -6.61375761,
          "Y": -1.64021134
        }
      ],
      "Data": null
    },
    {
      "Name": "AND",
      "ID": 656836200,
      "Points": [
        {
          "X": -3.375662,
          "Y": -2.77248669
        }
      ],
      "Data": null
    },
    {
      "Name": "NOT",
      "ID": 1606902578,
      "Points": [
        {
          "X": -2.767196,
          "Y": -1.64550233
        }
      ],
      "Data": null
    },
    {
      "Name": "2 Bit Adder",
      "ID": 1323020715,
      "Points": [
        {
          "X": -3.767196,
          "Y": -0.698412657
        }
      ],
      "Data": null
    },
    {
      "Name": "2 Bit Negator",
      "ID": 663813886,
      "Points": [
        {
          "X": -6.645503,
          "Y": -0.708994567
        }
      ],
      "Data": null
    }
  ],
  "Connections": [
    {
      "Source": {
        "PinType": 1,
        "SubChipID": 0,
        "PinID": 2098211351
      },
      "Target": {
        "PinType": 3,
        "SubChipID": 1842414366,
        "PinID": 1092544528
      },
      "WirePoints": [
        {
          "X": -7.837778,
          "Y": -3.084656
        },
        {
          "X": -7.82010651,
          "Y": -4.142857
        },
        {
          "X": 3.740741,
          "Y": -4.074074
        },
        {
          "X": 3.79365087,
          "Y": -0.920634866
        },
        {
          "X": 4.730793,
          "Y": -0.930159
        }
      ],
      "ColourThemeName": "Red"
    },
    {
      "Source": {
        "PinType": 1,
        "SubChipID": 0,
        "PinID": 1966393136
      },
      "Target": {
        "PinType": 3,
        "SubChipID": 1842414366,
        "PinID": 630911215
      },
      "WirePoints": [
        {
          "X": -7.837778,
          "Y": -2.34391546
        },
        {
          "X": -7.31746054,
          "Y": -2.35449743
        },
        {
          "X": -7.338625,
          "Y": -3.87830687
        },
        {
          "X": 3.243386,
          "Y": -3.82010579
        },
        {
          "X": 3.322752,
          "Y": -0.677248538
        },
        {
          "X": 4.730793,
          "Y": -0.6901589
        }
      ],
      "ColourThemeName": "Red"
    },
    {
      "Source": {
        "PinType": 1,
        "SubChipID": 0,
        "PinID": 471256268
      },
      "Target": {
        "PinType": 3,
        "SubChipID": 1842414366,
        "PinID": 1595424900
      },
      "WirePoints": [
        {
          "X": -7.837778,
          "Y": -1.62962973
        },
        {
          "X": -6.862434,
          "Y": -1.64021158
        },
        {
          "X": -6.825397,
          "Y": -3.53968263
        },
        {
          "X": 2.88888955,
          "Y": -3.5132277
        },
        {
          "X": 2.96296334,
          "Y": -0.455026329
        },
        {
          "X": 4.730793,
          "Y": -0.450158954
        }
      ],
      "ColourThemeName": "Red"
    },
    {
      "Source": {
        "PinType": 1,
        "SubChipID": 0,
        "PinID": 2101437454
      },
      "Target": {
        "PinType": 3,
        "SubChipID": 543027517,
        "PinID": 575935497
      },
      "WirePoints": [
        {
          "X": -7.837778,
          "Y": 2.13227534
        },
        {
          "X": -7.783069,
          "Y": 4.275132
        },
        {
          "X": -6.069048,
          "Y": 4.284021
        }
      ],
      "ColourThemeName": "Red"
    },
    {
      "Source": {
        "PinType": 4,
        "SubChipID": 543027517,
        "PinID": 1112816817
      },
      "Target": {
        "PinType": 3,
        "SubChipID": 1842414366,
        "PinID": 1570304242
      },
      "WirePoints": [
        {
          "X": -5.16904831,
          "Y": 4.164021
        },
        {
          "X": 3.73545027,
          "Y": 3.978836
        },
        {
          "X": 3.82010579,
          "Y": 1.4867723
        },
        {
          "X": 4.730793,
          "Y": 1.46984112
        }
      ],
      "ColourThemeName": "Red"
    },
    {
      "Source": {
        "PinType": 1,
        "SubChipID": 0,
        "PinID": 2101437454
      },
      "Target": {
        "PinType": 3,
        "SubChipID": 595545207,
        "PinID": 1332183837
      },
      "WirePoints": [
        {
          "X": -7.837778,
          "Y": 2.13227534
        },
        {
          "X": -6.269339,
          "Y": 3.5432806
        }
      ],
      "ColourThemeName": "Red"
    },
    {
      "Source": {
        "PinType": 1,
        "SubChipID": 0,
        "PinID": 2101437454
      },
      "Target": {
        "PinType": 3,
        "SubChipID": 481732823,
        "PinID": 1188511473
      },
      "WirePoints": [
        {
          "X": -7.837778,
          "Y": 2.13227534
        },
        {
          "X": -6.17433929,
          "Y": 2.83957672
        }
      ],
      "ColourThemeName": "Red"
    },
    {
      "Source": {
        "PinType": 1,
        "SubChipID": 0,
        "PinID": 2101437454
      },
      "Target": {
        "PinType": 3,
        "SubChipID": 2086427150,
        "PinID": 0
      },
      "WirePoints": [
        {
          "X": -7.837778,
          "Y": 2.13227534
        },
        {
          "X": -6.16375732,
          "Y": 2.21523786
        }
      ],
      "ColourThemeName": "Red"
    },
    {
      "Source": {
        "PinType": 1,
        "SubChipID": 0,
        "PinID": 1830018743
      },
      "Target": {
        "PinType": 3,
        "SubChipID": 595545207,
        "PinID": 1428861863
      },
      "WirePoints": [
        {
          "X": -7.837778,
          "Y": 0.5555552
        },
        {
          "X": -6.269339,
          "Y": 3.30328083
        }
      ],
      "ColourThemeName": "Red"
    },
    {
      "Source": {
        "PinType": 1,
        "SubChipID": 0,
        "PinID": 1830018743
      },
      "Target": {
        "PinType": 3,
        "SubChipID": 481732823,
        "PinID": 1778645282
      },
      "WirePoints": [
        {
          "X": -7.837778,
          "Y": 0.5555552
        },
        {
          "X": -6.17433929,
          "Y": 2.599577
        }
      ],
      "ColourThemeName": "Red"
    },
    {
      "Source": {
        "PinType": 1,
        "SubChipID": 0,
        "PinID": 1830018743
      },
      "Target": {
        "PinType": 3,
        "SubChipID": 2086427150,
        "PinID": 1
      },
      "WirePoints": [
        {
          "X": -7.837778,
          "Y": 0.5555552
        },
        {
          "X": -6.16375732,
          "Y": 1.975238
        }
      ],
      "ColourThemeName": "Red"
    },
    {
      "Source": {
        "PinType": 4,
        "SubChipID": 595545207,
        "PinID": 299227992
      },
      "Target": {
        "PinType": 3,
        "SubChipID": 1842414366,
        "PinID": 1801651046
      },
      "WirePoints": [
        {
          "X": -4.979339,
          "Y": 3.42328072
        },
        {
          "X": 4.730793,
          "Y": 1.22984111
        }
      ],
      "ColourThemeName": "Red"
    },
    {
      "Source": {
        "PinType": 4,
        "SubChipID": 481732823,
        "PinID": 1954624286
      },
      "Target": {
        "PinType": 3,
        "SubChipID": 1842414366,
        "PinID": 585375884
      },
      "WirePoints": [
        {
          "X": -5.074339,
          "Y": 2.71957684
        },
        {
          "X": 4.730793,
          "Y": 0.9898411
        }
      ],
      "ColourThemeName": "Red"
    },
    {
      "Source": {
        "PinType": 4,
        "SubChipID": 2086427150,
        "PinID": 2
      },
      "Target": {
        "PinType": 3,
        "SubChipID": 1842414366,
        "PinID": 1835226711
      },
      "WirePoints": [
        {
          "X": -5.063757,
          "Y": 2.095238
        },
        {
          "X": 4.730793,
          "Y": 0.7498411
        }
      ],
      "ColourThemeName": "Red"
    },
    {
      "Source": {
        "PinType": 1,
        "SubChipID": 0,
        "PinID": 1830018743
      },
      "Target": {
        "PinType": 3,
        "SubChipID": 543027517,
        "PinID": 67122682
      },
      "WirePoints": [
        {
          "X": -7.837778,
          "Y": 0.5555552
        },
        {
          "X": -7.36508,
          "Y": 3.88359785
        },
        {
          "X": -6.069048,
          "Y": 4.044021
        }
      ],
      "ColourThemeName": "Red"
    },
    {
      "Source": {
        "PinType": 1,
        "SubChipID": 0,
        "PinID": 2101437454
      },
      "Target": {
        "PinType": 3,
        "SubChipID": 238630099,
        "PinID": 1546330202
      },
      "WirePoints": [
        {
          "X": -7.837778,
          "Y": 2.13227534
        },
        {
          "X": -5.947751,
          "Y": 1.02666664
        }
      ],
      "ColourThemeName": "Red"
    },
    {
      "Source": {
        "PinType": 1,
        "SubChipID": 0,
        "PinID": 1151517299
      },
      "Target": {
        "PinType": 3,
        "SubChipID": 238630099,
        "PinID": 1603122939
      },
      "WirePoints": [
        {
          "X": -7.837778,
          "Y": 1.4920634
        },
        {
          "X": -5.947751,
          "Y": 0.786666632
        }
      ],
      "ColourThemeName": "Red"
    },
    {
      "Source": {
        "PinType": 1,
        "SubChipID": 0,
        "PinID": 1830018743
      },
      "Target": {
        "PinType": 3,
        "SubChipID": 238630099,
        "PinID": 1153743794
      },
      "WirePoints": [
        {
          "X": -7.837778,
          "Y": 0.5555552
        },
        {
          "X": -5.947751,
          "Y": 0.5466666
        }
      ],
      "ColourThemeName": "Red"
    },
    {
      "Source": {
        "PinType": 1,
        "SubChipID": 0,
        "PinID": 932173163
      },
      "Target": {
        "PinType": 3,
        "SubChipID": 238630099,
        "PinID": 666374309
      },
      "WirePoints": [
        {
          "X": -7.837778,
          "Y": -0.142857134
        },
        {
          "X": -5.947751,
          "Y": 0.3066666
        }
      ],
      "ColourThemeName": "Red"
    },
    {
      "Source": {
        "PinType": 4,
        "SubChipID": 2066786889,
        "PinID": 1568068014
      },
      "Target": {
        "PinType": 2,
        "SubChipID": 0,
        "PinID": 749138068
      },
      "WirePoints": [
        {
          "X": 0.867090166,
          "Y": -0.359788239
        },
        {
          "X": 7.837778,
          "Y": -0.576719642
        }
      ],
      "ColourThemeName": "Red"
    },
    {
      "Source": {
        "PinType": 4,
        "SubChipID": 238630099,
        "PinID": 592937559
      },
      "Target": {
        "PinType": 3,
        "SubChipID": 1656430388,
        "PinID": 651868880
      },
      "WirePoints": [
        {
          "X": -4.697751,
          "Y": 1.02666664
        },
        {
          "X": -0.98878324,
          "Y": 0.8696295
        }
      ],
      "ColourThemeName": "Red"
    },
    {
      "Source": {
        "PinType": 4,
        "SubChipID": 238630099,
        "PinID": 950554078
      },
      "Target": {
        "PinType": 3,
        "SubChipID": 2066786889,
        "PinID": 651868880
      },
      "WirePoints": [
        {
          "X": -4.697751,
          "Y": 0.6666666
        },
        {
          "X": -0.972909868,
          "Y": -0.119788229
        }
      ],
      "ColourThemeName": "Red"
    },
    {
      "Source": {
        "PinType": 1,
        "SubChipID": 0,
        "PinID": 471256268
      },
      "Target": {
        "PinType": 3,
        "SubChipID": 924108808,
        "PinID": 0
      },
      "WirePoints": [
        {
          "X": -7.837778,
          "Y": -1.62962973
        },
        {
          "X": -7.83597946,
          "Y": -0.687830746
        },
        {
          "X": -5.53941774,
          "Y": -1.70010591
        }
      ],
      "ColourThemeName": "Red"
    },
    {
      "Source": {
        "PinType": 1,
        "SubChipID": 0,
        "PinID": 1966393136
      },
      "Target": {
        "PinType": 3,
        "SubChipID": 1353653561,
        "PinID": 0
      },
      "WirePoints": [
        {
          "X": -7.837778,
          "Y": -2.34391546
        },
        {
          "X": -7.163758,
          "Y": -1.64021134
        }
      ],
      "ColourThemeName": "Red"
    },
    {
      "Source": {
        "PinType": 4,
        "SubChipID": 1353653561,
        "PinID": 1
      },
      "Target": {
        "PinType": 3,
        "SubChipID": 924108808,
        "PinID": 1
      },
      "WirePoints": [
        {
          "X": -6.06375742,
          "Y": -1.64021134
        },
        {
          "X": -5.53941774,
          "Y": -1.94010592
        }
      ],
      "ColourThemeName": "Red"
    },
    {
      "Source": {
        "PinType": 4,
        "SubChipID": 924108808,
        "PinID": 2
      },
      "Target": {
        "PinType": 3,
        "SubChipID": 656836200,
        "PinID": 0
      },
      "WirePoints": [
        {
          "X": -4.43941736,
          "Y": -1.82010591
        },
        {
          "X": -3.925662,
          "Y": -2.6524868
        }
      ],
      "ColourThemeName": "Red"
    },
    {
      "Source": {
        "PinType": 1,
        "SubChipID": 0,
        "PinID": 2098211351
      },
      "Target": {
        "PinType": 3,
        "SubChipID": 656836200,
        "PinID": 1
      },
      "WirePoints": [
        {
          "X": -7.837778,
          "Y": -3.084656
        },
        {
          "X": -3.925662,
          "Y": -2.89248657
        }
      ],
      "ColourThemeName": "Red"
    },
    {
      "Source": {
        "PinType": 4,
        "SubChipID": 656836200,
        "PinID": 2
      },
      "Target": {
        "PinType": 3,
        "SubChipID": 1606902578,
        "PinID": 0
      },
      "WirePoints": [
        {
          "X": -2.82566214,
          "Y": -2.77248669
        },
        {
          "X": -3.317196,
          "Y": -1.64550233
        }
      ],
      "ColourThemeName": "Red"
    },
    {
      "Source": {
        "PinType": 4,
        "SubChipID": 1606902578,
        "PinID": 1
      },
      "Target": {
        "PinType": 3,
        "SubChipID": 1656430388,
        "PinID": 111895698
      },
      "WirePoints": [
        {
          "X": -2.217196,
          "Y": -1.64550233
        },
        {
          "X": -0.98878324,
          "Y": 0.389629483
        }
      ],
      "ColourThemeName": "Red"
    },
    {
      "Source": {
        "PinType": 4,
        "SubChipID": 1606902578,
        "PinID": 1
      },
      "Target": {
        "PinType": 3,
        "SubChipID": 2066786889,
        "PinID": 111895698
      },
      "WirePoints": [
        {
          "X": -2.217196,
          "Y": -1.64550233
        },
        {
          "X": -0.972909868,
          "Y": -0.599788249
        }
      ],
      "ColourThemeName": "Red"
    },
    {
      "Source": {
        "PinType": 4,
        "SubChipID": 1323020715,
        "PinID": 592937559
      },
      "Target": {
        "PinType": 3,
        "SubChipID": 1656430388,
        "PinID": 1436955854
      },
      "WirePoints": [
        {
          "X": -3.142196,
          "Y": -0.338412642
        },
        {
          "X": -0.98878324,
          "Y": 0.6296295
        }
      ],
      "ColourThemeName": "Red"
    },
    {
      "Source": {
        "PinType": 4,
        "SubChipID": 1323020715,
        "PinID": 950554078
      },
      "Target": {
        "PinType": 3,
        "SubChipID": 2066786889,
        "PinID": 1436955854
      },
      "WirePoints": [
        {
          "X": -3.142196,
          "Y": -0.698412657
        },
        {
          "X": -0.972909868,
          "Y": -0.359788239
        }
      ],
      "ColourThemeName": "Red"
    },
    {
      "Source": {
        "PinType": 1,
        "SubChipID": 0,
        "PinID": 2101437454
      },
      "Target": {
        "PinType": 3,
        "SubChipID": 1323020715,
        "PinID": 1546330202
      },
      "WirePoints": [
        {
          "X": -7.837778,
          "Y": 2.13227534
        },
        {
          "X": -4.3921957,
          "Y": -0.338412642
        }
      ],
      "ColourThemeName": "Red"
    },
    {
      "Source": {
        "PinType": 1,
        "SubChipID": 0,
        "PinID": 1151517299
      },
      "Target": {
        "PinType": 3,
        "SubChipID": 1323020715,
        "PinID": 1603122939
      },
      "WirePoints": [
        {
          "X": -7.837778,
          "Y": 1.4920634
        },
        {
          "X": -4.3921957,
          "Y": -0.578412652
        }
      ],
      "ColourThemeName": "Red"
    },
    {
      "Source": {
        "PinType": 4,
        "SubChipID": 1842414366,
        "PinID": 1712499012
      },
      "Target": {
        "PinType": 2,
        "SubChipID": 0,
        "PinID": 255206731
      },
      "WirePoints": [
        {
          "X": 6.570793,
          "Y": 0.269841075
        },
        {
          "X": 7.837778,
          "Y": 0.280423164
        }
      ],
      "ColourThemeName": "Red"
    },
    {
      "Source": {
        "PinType": 4,
        "SubChipID": 1656430388,
        "PinID": 1568068014
      },
      "Target": {
        "PinType": 3,
        "SubChipID": 1842414366,
        "PinID": 1566284532
      },
      "WirePoints": [
        {
          "X": 0.8512168,
          "Y": 0.6296295
        },
        {
          "X": 4.730793,
          "Y": 0.5098411
        }
      ],
      "ColourThemeName": "Red"
    },
    {
      "Source": {
        "PinType": 4,
        "SubChipID": 1656430388,
        "PinID": 1568068014
      },
      "Target": {
        "PinType": 3,
        "SubChipID": 1842414366,
        "PinID": 1514437347
      },
      "WirePoints": [
        {
          "X": 0.8512168,
          "Y": 0.6296295
        },
        {
          "X": 4.730793,
          "Y": 0.269841075
        }
      ],
      "ColourThemeName": "Red"
    },
    {
      "Source": {
        "PinType": 4,
        "SubChipID": 663813886,
        "PinID": 1148748981
      },
      "Target": {
        "PinType": 3,
        "SubChipID": 1323020715,
        "PinID": 1153743794
      },
      "WirePoints": [
        {
          "X": -5.870503,
          "Y": -0.533994555
        },
        {
          "X": -4.3921957,
          "Y": -0.818412662
        }
      ],
      "ColourThemeName": "Red"
    },
    {
      "Source": {
        "PinType": 4,
        "SubChipID": 663813886,
        "PinID": 2048765259
      },
      "Target": {
        "PinType": 3,
        "SubChipID": 1323020715,
        "PinID": 666374309
      },
      "WirePoints": [
        {
          "X": -5.870503,
          "Y": -0.8839946
        },
        {
          "X": -4.3921957,
          "Y": -1.05841267
        }
      ],
      "ColourThemeName": "Red"
    },
    {
      "Source": {
        "PinType": 1,
        "SubChipID": 0,
        "PinID": 1830018743
      },
      "Target": {
        "PinType": 3,
        "SubChipID": 663813886,
        "PinID": 88499241
      },
      "WirePoints": [
        {
          "X": -7.837778,
          "Y": 0.5555552
        },
        {
          "X": -7.420503,
          "Y": -0.533994555
        }
      ],
      "ColourThemeName": "Red"
    },
    {
      "Source": {
        "PinType": 1,
        "SubChipID": 0,
        "PinID": 932173163
      },
      "Target": {
        "PinType": 3,
        "SubChipID": 663813886,
        "PinID": 1679614498
      },
      "WirePoints": [
        {
          "X": -7.837778,
          "Y": -0.142857134
        },
        {
          "X": -7.420503,
          "Y": -0.8839946
        }
      ],
      "ColourThemeName": "Red"
    }
  ]
}